Ticker,Name,"Market Capitalization: 2025C, $","Revenue: 2025C, $","Employees: 2025C, $","CAPEX: 2025C, $","Net Income: 2025C, $","Cash & Cash Equivalents: 2025C, $"
MMM US Equity,3M CO,118 ,148 ,115 ,193 ,134 ,98 
ABT US Equity,ABBOTT LABORATORIES,39 ,88 ,53 ,113 ,62 ,68 
ABBV US Equity,ABBVIE INC,25 ,71 ,128 ,186 ,97 ,90 
ACN US Equity,ACCENTURE PLC-CL A,65 ,58 ,3 ,247 ,50 ,41 
ADBE US Equity,ADOBE INC,81 ,156 ,198 ,368 ,53 ,93 
AMD US Equity,ADVANCED MICRO DEVICES,46 ,145 ,212 ,236 ,239 ,129 
AES US Equity,AES CORP,490 ,268 ,383 ,33 ,236 ,253 
AFL US Equity,AFLAC INC,184 ,191 ,343 ,485 ,76 ,81 
A US Equity,AGILENT TECHNOLOGIES INC,233 ,369 ,280 ,292 ,279 ,224 
APD US Equity,AIR PRODUCTS & CHEMICALS INC,173 ,274 ,231 ,35 ,483 ,220 
ABNB US Equity,AIRBNB INC-CLASS A,129 ,293 ,406 ,466 ,169 ,76 
AKAM US Equity,AKAMAI TECHNOLOGIES INC,445 ,441 ,362 ,223 ,420 ,381 
ALB US Equity,ALBEMARLE CORP,481 ,405 ,391 ,131 ,489 ,282 
ARE US Equity,ALEXANDRIA REAL ESTATE EQUIT,493 ,462 ,492 ,123 ,492 ,375 
ALGN US Equity,ALIGN TECHNOLOGY INC,431 ,440 ,253 ,416 ,439 ,303 
ALLE US Equity,ALLEGION PLC,475 ,452 ,321 ,432 ,401 ,384 
LNT US Equity,ALLIANT ENERGY CORP,434 ,442 ,463 ,112 ,388 ,476 
ALL US Equity,ALLSTATE CORP,197 ,63 ,128 ,352 ,86 ,347 
GOOGL US Equity,ALPHABET INC-CL A,5 ,8 ,28 ,4 ,3 ,17 
MO US Equity,ALTRIA GROUP INC,113 ,181 ,424 ,391 ,32 ,148 
AMZN US Equity,AMAZON.COM INC,4 ,2 ,2 ,1 ,7 ,5 
AMCR US Equity,AMCOR PLC,371 ,238 ,82 ,250 ,418 ,332 
AEE US Equity,AMEREN CORPORATION,346 ,349 ,385 ,56 ,294 ,498 
AEP US Equity,AMERICAN ELECTRIC POWER,202 ,186 ,299 ,30 ,144 ,426 
AXP US Equity,AMERICAN EXPRESS CO,42 ,54 ,85 ,122 ,39 ,8 
AIG US Equity,AMERICAN INTERNATIONAL GROUP,221 ,136 ,238 ,485 ,491 ,268 
AMT US Equity,AMERICAN TOWER CORP,114 ,311 ,442 ,135 ,192 ,205 
AWK US Equity,AMERICAN WATER WORKS CO INC,344 ,423 ,415 ,87 ,321 ,473 
AMP US Equity,AMERIPRISE FINANCIAL INC,195 ,198 ,332 ,369 ,125 ,62 
AME US Equity,AMETEK INC,232 ,370 ,248 ,402 ,272 ,402 
AMGN US Equity,AMGEN INC,74 ,118 ,212 ,175 ,105 ,40 
APH US Equity,AMPHENOL CORP-CL A,62 ,166 ,48 ,182 ,98 ,43 
ADI US Equity,ANALOG DEVICES INC,95 ,295 ,222 ,262 ,190 ,176 
AON US Equity,AON PLC-CLASS A,138 ,230 ,119 ,349 ,168 ,297 
APA US Equity,APA CORP,492 ,317 ,472 ,93 ,370 ,360 
APO US Equity,APOLLO GLOBAL MANAGEMENT INC,106 ,141 ,475 ,485 ,91 ,27 
AAPL US Equity,APPLE INC,1 ,5 ,34 ,15 ,1 ,10 
AMAT US Equity,APPLIED MATERIALS INC,53 ,129 ,177 ,111 ,55 ,73 
APP US Equity,APPLOVIN CORP-CLASS A,99 ,419 ,483 ,484 ,243 ,341 
APTV US Equity,APTIV PLC,446 ,187 ,39 ,199 ,228 ,244 
ACGL US Equity,ARCH CAPITAL GROUP LTD,266 ,204 ,408 ,458 ,96 ,310 
ADM US Equity,ARCHER-DANIELS-MIDLAND CO,345 ,48 ,158 ,138 ,227 ,364 
ARES US Equity,ARES MANAGEMENT CORP - A,265 ,417 ,458 ,433 ,431 ,169 
ANET US Equity,ARISTA NETWORKS INC,76 ,368 ,443 ,469 ,153 ,167 
AJG US Equity,ARTHUR J GALLAGHER & CO,151 ,283 ,127 ,392 ,263 ,30 
AIZ US Equity,ASSURANT INC,476 ,279 ,323 ,346 ,377 ,223 
T US Equity,AT&T INC,57 ,31 ,43 ,8 ,13 ,24 
ATO US Equity,ATMOS ENERGY CORP,316 ,421 ,435 ,69 ,290 ,432 
ADSK US Equity,AUTODESK INC,161 ,384 ,309 ,465 ,311 ,241 
ADP US Equity,AUTOMATIC DATA PROCESSING,86 ,179 ,102 ,374 ,106 ,140 
AZO US Equity,AUTOZONE INC,155 ,190 ,45 ,151 ,178 ,423 
AVB US Equity,AVALONBAY COMMUNITIES INC,286 ,466 ,465 ,134 ,313 ,469 
AVY US Equity,AVERY DENNISON CORP,436 ,330 ,183 ,353 ,384 ,408 
AXON US Equity,AXON ENTERPRISE INC,215 ,486 ,444 ,441 ,447 ,393 
BKR US Equity,BAKER HUGHES CO,217 ,133 ,124 ,156 ,171 ,132 
BALL US Equity,BALL CORP,425 ,280 ,302 ,269 ,109 ,324 
BAC US Equity,BANK OF AMERICA CORP,20 ,19 ,24 ,485 ,10 ,13 
BK US Equity,BANK OF NEW YORK MELLON CORP,134 ,96 ,145 ,142 ,74 ,3 
BAX US Equity,BAXTER INTERNATIONAL INC,438 ,299 ,173 ,275 ,486 ,226 
BDX US Equity,BECTON DICKINSON AND CO,188 ,173 ,94 ,208 ,237 ,358 
BRK/B US Equity,BERKSHIRE HATHAWAY INC-CL B,9 ,4 ,8 ,10 ,4 ,1 
BBY US Equity,BEST BUY CO INC,401 ,95 ,75 ,219 ,339 ,243 
TECH US Equity,BIO-TECHNE CORP,495 ,498 ,460 ,471 ,471 ,447 
BIIB US Equity,BIOGEN INC,363 ,318 ,401 ,381 ,240 ,186 
BLK US Equity,BLACKROCK INC,66 ,154 ,249 ,335 ,73 ,38 
BX US Equity,BLACKSTONE INC,40 ,256 ,439 ,451 ,155 ,209 
XYZ US Equity,BLOCK INC,191 ,155 ,355 ,380 ,146 ,67 
BA US Equity,BOEING CO/THE,59 ,43 ,32 ,89 ,194 ,44 
BKNG US Equity,BOOKING HOLDINGS INC,63 ,157 ,224 ,283 ,67 ,28 
BSX US Equity,BOSTON SCIENTIFIC CORP,82 ,212 ,132 ,203 ,219 ,397 
BMY US Equity,BRISTOL-MYERS SQUIBB CO,97 ,81 ,185 ,159 ,499 ,48 
AVGO US Equity,BROADCOM INC,6 ,64 ,193 ,240 ,12 ,26 
BR US Equity,BROADRIDGE FINANCIAL SOLUTIO,309 ,371 ,313 ,462 ,359 ,369 
BRO US Equity,BROWN & BROWN INC,320 ,391 ,287 ,448 ,320 ,299 
BF/B US Equity,BROWN-FORMAN CORP-CLASS B,419 ,443 ,437 ,378 ,353 ,396 
BLDR US Equity,BUILDERS FIRSTSOURCE INC,422 ,217 ,205 ,300 ,314 ,453 
BG US Equity,BUNGE GLOBAL SA,479 ,77 ,231 ,150 ,301 ,141 
BXP US Equity,BXP INC,477 ,454 ,489 ,172 ,455 ,256 
CHRW US Equity,C.H. ROBINSON WORLDWIDE INC,390 ,220 ,348 ,477 ,403 ,449 
CDNS US Equity,CADENCE DESIGN SYS INC,127 ,426 ,341 ,389 ,319 ,173 
CPT US Equity,CAMDEN PROPERTY TRUST,461 ,496 ,482 ,297 ,466 ,495 
COF US Equity,CAPITAL ONE FINANCIAL CORP,69 ,59 ,138 ,164 ,182 ,155 
CAH US Equity,CARDINAL HEALTH INC,237 ,15 ,123 ,259 ,249 ,125 
CCL US Equity,CARNIVAL CORP,272 ,139 ,52 ,68 ,157 ,213 
CARR US Equity,CARRIER GLOBAL CORP,175 ,170 ,146 ,265 ,71 ,123 
CVNA US Equity,CARVANA CO,226 ,252 ,288 ,434 ,461 ,229 
CAT US Equity,CATERPILLAR INC,58 ,61 ,54 ,81 ,34 ,75 
CBOE US Equity,CBOE GLOBAL MARKETS INC,378 ,487 ,481 ,452 ,375 ,320 
CBRE US Equity,CBRE GROUP INC - A,238 ,109 ,40 ,325 ,333 ,291 
CDW US Equity,CDW CORP/DE,355 ,178 ,311 ,409 ,315 ,385 
COR US Equity,CENCORA INC,174 ,10 ,151 ,227 ,250 ,112 
CNC US Equity,CENTENE CORP,299 ,23 ,118 ,233 ,131 ,35 
CNP US Equity,CENTERPOINT ENERGY INC,377 ,333 ,386 ,50 ,327 ,492 
CF US Equity,CF INDUSTRIES HOLDINGS INC,443 ,390 ,466 ,266 ,286 ,239 
CRL US Equity,CHARLES RIVER LABORATORIES,486 ,438 ,245 ,340 ,475 ,435 
CHTR US Equity,CHARTER COMMUNICATIONS INC-A,204 ,74 ,67 ,21 ,80 ,391 
CVX US Equity,CHEVRON CORP,33 ,18 ,155 ,12 ,17 ,77 
CMG US Equity,CHIPOTLE MEXICAN GRILL INC,128 ,287 ,44 ,249 ,255 ,338 
CB US Equity,CHUBB LTD,98 ,72 ,161 ,485 ,42 ,174 
CHD US Equity,CHURCH & DWIGHT CO INC,326 ,387 ,430 ,367 ,404 ,314 
CINF US Equity,CINCINNATI FINANCIAL CORP,361 ,286 ,431 ,476 ,189 ,309 
CTAS US Equity,CINTAS CORP,108 ,305 ,144 ,290 ,226 ,424 
CSCO US Equity,CISCO SYSTEMS INC,30 ,69 ,105 ,195 ,38 ,65 
C US Equity,CITIGROUP INC,45 ,22 ,22 ,37 ,25 ,16 
CFG US Equity,CITIZENS FINANCIAL GROUP,336 ,273 ,289 ,410 ,221 ,257 
CLX US Equity,CLOROX COMPANY,441 ,360 ,402 ,348 ,368 ,445 
CME US Equity,CME GROUP INC,124 ,385 ,452 ,431 ,120 ,159 
CMS US Equity,CMS ENERGY CORP,382 ,351 ,390 ,86 ,330 ,471 
KO US Equity,COCA-COLA CO/THE,32 ,82 ,100 ,116 ,35 ,45 
CTSH US Equity,COGNIZANT TECH SOLUTIONS-A,248 ,185 ,12 ,327 ,193 ,191 
COIN US Equity,COINBASE GLOBAL INC -CLASS A,166 ,375 ,451 ,485 ,172 ,61 
CL US Equity,COLGATE-PALMOLIVE CO,145 ,182 ,187 ,256 ,148 ,294 
CMCSA US Equity,COMCAST CORP-CLASS A,73 ,33 ,29 ,18 ,22 ,72 
FIX US Equity,COMFORT SYSTEMS USA INC,435 ,366 ,275 ,418 ,417 ,374 
CAG US Equity,CONAGRA BRANDS INC,478 ,282 ,275 ,299 ,299 ,482 
COP US Equity,CONOCOPHILLIPS,85 ,75 ,349 ,19 ,43 ,89 
ED US Equity,CONSOLIDATED EDISON INC,289 ,237 ,312 ,43 ,224 ,267 
STZ US Equity,CONSTELLATION BRANDS INC-A,287 ,310 ,365 ,161 ,479 ,481 
CEG US Equity,CONSTELLATION ENERGY,154 ,161 ,457 ,102 ,115 ,156 
COO US Equity,COOPER COS INC/THE,451 ,435 ,313 ,309 ,448 ,467 
CPRT US Equity,COPART INC,223 ,425 ,351 ,253 ,251 ,166 
GLW US Equity,CORNING INC,152 ,232 ,125 ,154 ,242 ,252 
CPAY US Equity,CORPAY INC,352 ,444 ,356 ,370 ,329 ,246 
CTVA US Equity,CORTEVA INC,243 ,211 ,241 ,248 ,342 ,150 
CSGP US Equity,COSTAR GROUP INC,301 ,475 ,418 ,235 ,467 ,105 
COST US Equity,COSTCO WHOLESALE CORP,18 ,13 ,11 ,41 ,48 ,34 
CTRA US Equity,COTERRA ENERGY INC,393 ,402 ,488 ,129 ,307 ,204 
CRH US Equity,CRH PLC,169 ,111 ,79 ,100 ,121 ,131 
CRWD US Equity,CROWDSTRIKE HOLDINGS INC - A,104 ,445 ,370 ,323 ,478 ,115 
CCI US Equity,CROWN CASTLE INC,240 ,374 ,448 ,160 ,496 ,464 
CSX US Equity,CSX CORP,159 ,249 ,234 ,91 ,148 ,356 
CMI US Equity,CUMMINS INC,205 ,115 ,101 ,163 ,110 ,233 
CVS US Equity,CVS HEALTH CORP,185 ,6 ,23 ,95 ,88 ,60 
DHR US Equity,DANAHER CORP,64 ,150 ,110 ,168 ,116 ,108 
DRI US Equity,DARDEN RESTAURANTS INC,350 ,272 ,26 ,232 ,322 ,427 
DDOG US Equity,DATADOG INC - CLASS A,203 ,477 ,419 ,430 ,462 ,276 
DVA US Equity,DAVITA INC,466 ,262 ,84 ,257 ,338 ,334 
DAY US Equity,DAYFORCE INC,470 ,493 ,377 ,419 ,474 ,367 
DECK US Equity,DECKERS OUTDOOR CORP,416 ,414 ,434 ,438 ,334 ,218 
DE US Equity,DEERE & CO,88 ,85 ,92 ,58 ,81 ,66 
DELL US Equity,DELL TECHNOLOGIES -C,150 ,38 ,58 ,98 ,90 ,135 
DAL US Equity,DELTA AIR LINES INC,216 ,66 ,61 ,51 ,82 ,116 
DVN US Equity,DEVON ENERGY CORP,373 ,224 ,473 ,31 ,147 ,327 
DXCM US Equity,DEXCOM INC,296 ,439 ,369 ,310 ,406 ,365 
FANG US Equity,DIAMONDBACK ENERGY INC,206 ,296 ,475 ,20 ,129 ,448 
DLR US Equity,DIGITAL REALTY TRUST INC,177 ,400 ,446 ,77 ,397 ,126 
DG US Equity,DOLLAR GENERAL CORP,429 ,98 ,27 ,152 ,303 ,319 
DLTR US Equity,DOLLAR TREE INC,428 ,202 ,108 ,153 ,494 ,274 
D US Equity,DOMINION ENERGY INC,214 ,243 ,318 ,16 ,201 ,413 
DPZ US Equity,DOMINO'S PIZZA INC,442 ,420 ,363 ,417 ,405 ,439 
DASH US Equity,DOORDASH INC - A,153 ,298 ,229 ,316 ,468 ,121 
DOV US Equity,DOVER CORP,327 ,346 ,225 ,377 ,162 ,222 
DOW US Equity,DOW INC,311 ,91 ,179 ,82 ,310 ,195 
DHI US Equity,DR HORTON INC,200 ,113 ,322 ,395 ,117 ,157 
DTE US Equity,DTE ENERGY COMPANY,337 ,266 ,378 ,55 ,269 ,492 
DUK US Equity,DUKE ENERGY CORP,123 ,123 ,216 ,17 ,92 ,412 
DD US Equity,DUPONT DE NEMOURS INC,280 ,267 ,225 ,251 ,385 ,221 
ETN US Equity,EATON CORP PLC,84 ,149 ,68 ,201 ,113 ,371 
EBAY US Equity,EBAY INC,302 ,308 ,352 ,274 ,214 ,179 
ECL US Equity,ECOLAB INC,162 ,229 ,146 ,183 ,203 ,273 
EIX US Equity,EDISON INTERNATIONAL,293 ,201 ,328 ,40 ,252 ,436 
EW US Equity,EDWARDS LIFESCIENCES CORP,225 ,404 ,306 ,336 ,101 ,153 
EA US Equity,ELECTRONIC ARTS INC,260 ,353 ,320 ,347 ,307 ,197 
ELV US Equity,ELEVANCE HEALTH INC,137 ,17 ,60 ,173 ,70 ,52 
LLY US Equity,ELI LILLY & CO,12 ,87 ,151 ,46 ,37 ,143 
EME US Equity,EMCOR GROUP INC,376 ,242 ,166 ,442 ,328 ,265 
EMR US Equity,EMERSON ELECTRIC CO,144 ,197 ,96 ,281 ,188 ,248 
ETR US Equity,ENTERGY CORP,276 ,278 ,347 ,44 ,317 ,325 
EOG US Equity,EOG RESOURCES INC,157 ,158 ,459 ,38 ,63 ,74 
EPAM US Equity,EPAM SYSTEMS INC,455 ,418 ,116 ,468 ,434 ,271 
EQT US Equity,EQT CORP,317 ,378 ,484 ,105 ,460 ,433 
EFX US Equity,EQUIFAX INC,282 ,396 ,318 ,267 ,396 ,444 
EQIX US Equity,EQUINIX INC,107 ,331 ,331 ,84 ,365 ,152 
EQR US Equity,EQUITY RESIDENTIAL,318 ,463 ,470 ,118 ,325 ,485 
ERIE US Equity,ERIE INDEMNITY COMPANY-CL A,389 ,451 ,414 ,405 ,399 ,415 
ESS US Equity,ESSEX PROPERTY TRUST INC,398 ,492 ,479 ,170 ,382 ,483 
EL US Equity,ESTEE LAUDER COMPANIES-CL A,304 ,245 ,165 ,245 ,488 ,158 
EG US Equity,EVEREST GROUP LTD,430 ,205 ,461 ,485 ,273 ,247 
EVRG US Equity,EVERGY INC,448 ,392 ,441 ,107 ,351 ,494 
ES US Equity,EVERSOURCE ENERGY,374 ,277 ,364 ,54 ,366 ,491 
EXC US Equity,EXELON CORP,249 ,167 ,257 ,34 ,181 ,405 
EXE US Equity,EXPAND ENERGY CORP,356 ,431 ,480 ,139 ,487 ,411 
EXPE US Equity,EXPEDIA GROUP INC,348 ,251 ,296 ,210 ,285 ,120 
EXPD US Equity,EXPEDITORS INTL WASH INC,433 ,300 ,274 ,464 ,367 ,287 
EXR US Equity,EXTRA SPACE STORAGE INC,281 ,458 ,394 ,202 ,357 ,455 
XOM US Equity,EXXON MOBIL CORP,16 ,9 ,117 ,5 ,9 ,18 
FFIV US Equity,F5 INC,395 ,461 ,417 ,463 ,387 ,264 
FDS US Equity,FACTSET RESEARCH SYSTEMS INC,450 ,482 ,340 ,420 ,402 ,407 
FICO US Equity,FAIR ISAAC CORP,264 ,490 ,450 ,482 ,390 ,456 
FAST US Equity,FASTENAL CO,213 ,342 ,247 ,338 ,282 ,421 
FRT US Equity,FEDERAL REALTY INVS TRUST,485 ,499 ,497 ,264 ,452 ,461 
FDX US Equity,FEDEX CORP,194 ,46 ,19 ,60 ,103 ,92 
FIS US Equity,FIDELITY NATIONAL INFO SERV,227 ,312 ,141 ,428 ,264 ,330 
FITB US Equity,FIFTH THIRD BANCORP,290 ,261 ,271 ,288 ,175 ,138 
FSLR US Equity,FIRST SOLAR INC,392 ,432 ,393 ,140 ,280 ,238 
FE US Equity,FIRSTENERGY CORP,358 ,253 ,345 ,61 ,332 ,466 
FISV US Equity,FISERV INC,93 ,180 ,173 ,136 ,136 ,277 
F US Equity,FORD MOTOR CO,242 ,21 ,33 ,26 ,68 ,19 
FTNT US Equity,FORTINET INC,149 ,389 ,325 ,302 ,233 ,163 
FTV US Equity,FORTIVE CORP,330 ,382 ,281 ,412 ,362 ,333 
FOXA US Equity,FOX CORP - CLASS A,338 ,219 ,368 ,315 ,191 ,95 
BEN US Equity,FRANKLIN RESOURCES INC,465 ,329 ,375 ,379 ,416 ,151 
FCX US Equity,FREEPORT-MCMORAN INC,148 ,143 ,208 ,53 ,198 ,128 
GRMN US Equity,GARMIN LTD,236 ,380 ,245 ,360 ,267 ,202 
IT US Equity,GARTNER INC,252 ,381 ,250 ,426 ,284 ,211 
GEHC US Equity,GE HEALTHCARE TECHNOLOGY,263 ,188 ,132 ,295 ,213 ,160 
GEV US Equity,GE VERNOVA INC,56 ,103 ,86 ,155 ,84 ,57 
GEN US Equity,GEN DIGITAL INC,420 ,446 ,455 ,478 ,391 ,308 
GNRC US Equity,GENERAC HOLDINGS INC,489 ,429 ,381 ,397 ,451 ,420 
GD US Equity,GENERAL DYNAMICS CORP,109 ,79 ,51 ,167 ,99 ,187 
GE US Equity,GENERAL ELECTRIC,24 ,84 ,132 ,178 ,45 ,39 
GIS US Equity,GENERAL MILLS INC,307 ,189 ,193 ,238 ,187 ,404 
GM US Equity,GENERAL MOTORS CO,146 ,20 ,36 ,24 ,163 ,21 
GPC US Equity,GENUINE PARTS CO,423 ,162 ,110 ,254 ,344 ,387 
GILD US Equity,GILEAD SCIENCES INC,94 ,127 ,286 ,263 ,425 ,49 
GPN US Equity,GLOBAL PAYMENTS INC,315 ,313 ,215 ,225 ,248 ,175 
GL US Equity,GLOBE LIFE INC,487 ,394 ,453 ,445 ,316 ,446 
GDDY US Equity,GODADDY INC - CLASS A,314 ,427 ,433 ,475 ,337 ,296 
GS US Equity,GOLDMAN SACHS GROUP INC,31 ,32 ,150 ,114 ,19 ,2 
HAL US Equity,HALLIBURTON CO,351 ,171 ,146 ,157 ,281 ,194 
HIG US Equity,HARTFORD INSURANCE GROUP INC,284 ,140 ,267 ,387 ,137 ,429 
HAS US Equity,HASBRO INC,496 ,433 ,438 ,358 ,446 ,349 
HCA US Equity,HCA HEALTHCARE INC,101 ,53 ,15 ,47 ,59 ,305 
DOC US Equity,HEALTHPEAK PROPERTIES INC,447 ,476 ,496 ,218 ,458 ,463 
HSIC US Equity,HENRY SCHEIN INC,491 ,263 ,221 ,385 ,445 ,462 
HSY US Equity,HERSHEY CO/THE,268 ,290 ,273 ,242 ,196 ,345 
HPE US Equity,HEWLETT PACKARD ENTERPRISE,279 ,112 ,102 ,109 ,472 ,86 
HLT US Equity,HILTON WORLDWIDE HOLDINGS IN,176 ,291 ,30 ,429 ,254 ,269 
HOLX US Equity,HOLOGIC INC,437 ,434 ,409 ,396 ,407 ,210 
HD US Equity,HOME DEPOT INC,19 ,24 ,4 ,70 ,24 ,235 
HON US Equity,HONEYWELL INTERNATIONAL INC,71 ,102 ,62 ,166 ,69 ,47 
HRL US Equity,HORMEL FOODS CORP,458 ,271 ,258 ,324 ,427 ,355 
HST US Equity,HOST HOTELS & RESORTS INC,464 ,395 ,498 ,258 ,386 ,372 
HWM US Equity,HOWMET AEROSPACE INC,219 ,354 ,227 ,319 ,298 ,368 
HPQ US Equity,HP INC,331 ,73 ,128 ,196 ,174 ,133 
HUBB US Equity,HUBBELL INC,360 ,398 ,285 ,366 ,373 ,408 
HUM US Equity,HUMANA INC,294 ,36 ,106 ,252 ,287 ,192 
JBHT US Equity,HUNT (JB) TRANSPRT SVCS INC,397 ,276 ,191 ,296 ,400 ,496 
HBAN US Equity,HUNTINGTON BANCSHARES INC,319 ,265 ,254 ,388 ,197 ,225 
HII US Equity,HUNTINGTON INGALLS INDUSTRIE,498 ,284 ,159 ,307 ,410 ,331 
IEX US Equity,IDEX CORP,427 ,457 ,384 ,449 ,419 ,361 
IDXX US Equity,IDEXX LABORATORIES INC,273 ,447 ,357 ,411 ,350 ,419 
ITW US Equity,ILLINOIS TOOL WORKS,142 ,226 ,159 ,278 ,122 ,316 
INCY US Equity,INCYTE CORP,454 ,430 ,468 ,437 ,473 ,232 
IR US Equity,INGERSOLL-RAND INC,259 ,357 ,251 ,383 ,360 ,250 
PODD US Equity,INSULET CORP,399 ,488 ,448 ,404 ,440 ,315 
INTC US Equity,INTEL CORP,54 ,78 ,74 ,14 ,481 ,33 
IBKR US Equity,INTERACTIVE BROKERS GRO-CL A,308 ,303 ,463 ,461 ,331 ,101 
ICE US Equity,INTERCONTINENTAL EXCHANGE IN,115 ,322 ,339 ,213 ,158 ,328 
IP US Equity,INTERNATIONAL PAPER CO,394 ,194 ,176 ,192 ,408 ,284 
IBM US Equity,INTL BUSINESS MACHINES CORP,29 ,60 ,17 ,133 ,36 ,36 
IFF US Equity,INTL FLAVORS & FRAGRANCES,370 ,285 ,235 ,273 ,459 ,388 
INTU US Equity,INTUIT INC,37 ,192 ,278 ,406 ,111 ,162 
ISRG US Equity,INTUITIVE SURGICAL INC,47 ,314 ,307 ,174 ,152 ,55 
IVZ US Equity,INVESCO LTD,467 ,379 ,389 ,446 ,482 ,306 
INVH US Equity,INVITATION HOMES INC,385 ,479 ,477 ,184 ,436 ,442 
IQV US Equity,IQVIA HOLDINGS INC,267 ,234 ,73 ,245 ,273 ,230 
IRM US Equity,IRON MOUNTAIN INC,291 ,383 ,206 ,128 ,464 ,452 
JBL US Equity,JABIL INC,367 ,125 ,42 ,272 ,389 ,212 
JKHY US Equity,JACK HENRY & ASSOCIATES INC,457 ,481 ,407 ,457 ,433 ,472 
J US Equity,JACOBS SOLUTIONS INC,408 ,275 ,161 ,440 ,454 ,278 
SJM US Equity,JM SMUCKER CO/THE,463 ,332 ,395 ,298 ,490 ,480 
JNJ US Equity,JOHNSON & JOHNSON,14 ,41 ,41 ,57 ,11 ,15 
JCI US Equity,JOHNSON CONTROLS INTERNATION,160 ,160 ,86 ,280 ,133 ,401 
JPM US Equity,JPMORGAN CHASE & CO,10 ,12 ,14 ,485 ,8 ,20 
KVUE US Equity,KENVUE INC,234 ,233 ,241 ,277 ,326 ,301 
KDP US Equity,KEURIG DR PEPPER INC,224 ,236 ,204 ,255 ,265 ,383 
KEY US Equity,KEYCORP,359 ,289 ,290 ,450 ,222 ,270 
KEYS US Equity,KEYSIGHT TECHNOLOGIES IN,285 ,406 ,292 ,400 ,358 ,219 
KMB US Equity,KIMBERLY-CLARK CORP,274 ,216 ,173 ,171 ,211 ,352 
KIM US Equity,KIMCO REALTY CORP,426 ,489 ,490 ,317 ,441 ,351 
KMI US Equity,KINDER MORGAN INC,172 ,210 ,360 ,85 ,140 ,484 
KKR US Equity,KKR & CO INC,83 ,124 ,440 ,393 ,139 ,32 
KLAC US Equity,KLA CORP,90 ,269 ,313 ,314 ,107 ,203 
KHC US Equity,KRAFT HEINZ CO/THE,257 ,144 ,179 ,179 ,159 ,266 
KR US Equity,KROGER CO,235 ,25 ,6 ,62 ,166 ,124 
LHX US Equity,L3HARRIS TECHNOLOGIES INC,239 ,175 ,151 ,291 ,259 ,363 
LH US Equity,LABCORP HOLDINGS INC,388 ,260 ,97 ,268 ,380 ,254 
LRCX US Equity,LAM RESEARCH CORP,89 ,195 ,268 ,209 ,77 ,80 
LW US Equity,LAMB WESTON HOLDINGS INC,499 ,377 ,371 ,234 ,449 ,479 
LVS US Equity,LAS VEGAS SANDS CORP,255 ,259 ,167 ,137 ,241 ,127 
LDOS US Equity,LEIDOS HOLDINGS INC,386 ,214 ,146 ,384 ,283 ,317 
LEN US Equity,LENNAR CORP-A,278 ,114 ,344 ,363 ,206 ,130 
LII US Equity,LENNOX INTERNATIONAL INC,413 ,409 ,323 ,413 ,369 ,490 
LIN US Equity,LINDE PLC,48 ,119 ,107 ,52 ,61 ,102 
LYV US Equity,LIVE NATION ENTERTAINMENT IN,297 ,163 ,300 ,229 ,346 ,82 
LMT US Equity,LOCKHEED MARTIN CORP,96 ,55 ,50 ,132 ,78 ,178 
L US Equity,LOEWS CORP,400 ,203 ,335 ,237 ,266 ,377 
LOW US Equity,LOWE'S COS INC,72 ,50 ,18 ,120 ,56 ,227 
LULU US Equity,LULULEMON ATHLETICA INC,199 ,301 ,170 ,221 ,225 ,207 
LYB US Equity,LYONDELLBASELL INDU-CL A,347 ,99 ,258 ,127 ,275 ,139 
MTB US Equity,M & T BANK CORP,295 ,257 ,240 ,351 ,154 ,231 
MPC US Equity,MARATHON PETROLEUM CORP,222 ,27 ,275 ,103 ,123 ,147 
MAR US Equity,MARRIOTT INTERNATIONAL -CL A,140 ,147 ,36 ,214 ,185 ,399 
MRSH US Equity,MARSH & MCLENNAN COS,102 ,152 ,71 ,322 ,108 ,185 
MLM US Equity,MARTIN MARIETTA MATERIALS,283 ,376 ,380 ,197 ,212 ,356 
MAS US Equity,MASCO CORP,432 ,345 ,281 ,375 ,364 ,359 
MA US Equity,MASTERCARD INC - A,15 ,130 ,182 ,270 ,26 ,64 
MTCH US Equity,MATCH GROUP INC,494 ,455 ,470 ,459 ,409 ,313 
MKC US Equity,MCCORMICK & CO-NON VTG SHRS,403 ,372 ,326 ,344 ,371 ,474 
MCD US Equity,MCDONALD'S CORP,43 ,142 ,38 ,96 ,47 ,297 
MCK US Equity,MCKESSON CORP,122 ,7 ,140 ,261 ,132 ,88 
MDT US Equity,MEDTRONIC PLC,100 ,117 ,65 ,124 ,87 ,193 
MRK US Equity,MERCK & CO. INC.,35 ,62 ,86 ,76 ,20 ,37 
META US Equity,META PLATFORMS INC-CLASS A,7 ,16 ,80 ,2 ,6 ,11 
MET US Equity,METLIFE INC,186 ,56 ,156 ,485 ,93 ,22 
MTD US Equity,METTLER-TOLEDO INTERNATIONAL,329 ,448 ,302 ,425 ,355 ,488 
MGM US Equity,MGM RESORTS INTERNATIONAL,480 ,207 ,110 ,169 ,379 ,181 
MCHP US Equity,MICROCHIP TECHNOLOGY INC,323 ,428 ,266 ,403 ,477 ,335 
MU US Equity,MICRON TECHNOLOGY INC,79 ,106 ,132 ,13 ,46 ,50 
MSFT US Equity,MICROSOFT CORP,2 ,11 ,21 ,3 ,2 ,12 
MAA US Equity,MID-AMERICA APARTMENT COMM,404 ,484 ,469 ,239 ,414 ,489 
MRNA US Equity,MODERNA INC,424 ,459 ,429 ,177 ,495 ,214 
MOH US Equity,MOLINA HEALTHCARE INC,421 ,97 ,281 ,427 ,297 ,106 
TAP US Equity,MOLSON COORS BEVERAGE CO - B,469 ,281 ,292 ,226 ,306 ,311 
MDLZ US Equity,MONDELEZ INTERNATIONAL INC-A,135 ,108 ,71 ,148 ,89 ,263 
MPWR US Equity,MONOLITHIC POWER SYSTEMS INC,310 ,483 ,445 ,386 ,229 ,350 
MNST US Equity,MONSTER BEVERAGE CORP,196 ,352 ,432 ,331 ,257 ,251 
MCO US Equity,MOODY'S CORP,117 ,362 ,302 ,321 ,209 ,182 
MS US Equity,MORGAN STANLEY,28 ,35 ,77 ,71 ,21 ,4 
MOS US Equity,MOSAIC CO/THE,497 ,292 ,329 ,158 ,465 ,422 
MSI US Equity,MOTOROLA SOLUTIONS INC,139 ,297 ,251 ,333 ,244 ,200 
MSCI US Equity,MSCI INC,228 ,460 ,422 ,399 ,288 ,382 
NDAQ US Equity,NASDAQ INC,218 ,424 ,382 ,354 ,309 ,366 
NTAP US Equity,NETAPP INC,407 ,373 ,350 ,375 ,292 ,168 
NFLX US Equity,NETFLIX INC,21 ,86 ,302 ,222 ,33 ,56 
NEM US Equity,NEWMONT CORP,231 ,193 ,238 ,73 ,128 ,136 
NWSA US Equity,NEWS CORP - CLASS A,414 ,337 ,236 ,292 ,295 ,183 
NWS US Equity,NEWS CORP - CLASS B,414 ,337 ,236 ,292 ,295 ,183 
NEE US Equity,NEXTERA ENERGY INC,61 ,135 ,292 ,9 ,58 ,164 
NKE US Equity,NIKE INC -CL B,111 ,83 ,81 ,282 ,135 ,70 
NI US Equity,NISOURCE INC,411 ,403 ,398 ,83 ,376 ,451 
NDSN US Equity,NORDSON CORP,459 ,472 ,395 ,455 ,424 ,470 
NSC US Equity,NORFOLK SOUTHERN CORP,189 ,270 ,263 ,106 ,170 ,236 
NTRS US Equity,NORTHERN TRUST CORP,332 ,246 ,228 ,215 ,235 ,289 
NOC US Equity,NORTHROP GRUMMAN CORP,132 ,94 ,65 ,144 ,100 ,111 
NCLH US Equity,NORWEGIAN CRUISE LINE HOLDIN,474 ,321 ,177 ,162 ,341 ,437 
NRG US Equity,NRG ENERGY INC,406 ,131 ,387 ,271 ,305 ,312 
NUE US Equity,NUCOR CORP,254 ,120 ,195 ,72 ,234 ,190 
NVDA US Equity,NVIDIA CORP,3 ,29 ,179 ,79 ,5 ,59 
NVR US Equity,NVR INC,380 ,306 ,411 ,472 ,276 ,216 
NXPI US Equity,NXP SEMICONDUCTORS NV,190 ,264 ,192 ,216 ,177 ,142 
ORLY US Equity,O'REILLY AUTOMOTIVE INC,158 ,213 ,69 ,180 ,183 ,458 
OXY US Equity,OCCIDENTAL PETROLEUM CORP,212 ,137 ,333 ,36 ,140 ,198 
ODFL US Equity,OLD DOMINION FREIGHT LINE,251 ,393 ,244 ,207 ,291 ,468 
OMC US Equity,OMNICOM GROUP,412 ,231 ,90 ,394 ,261 ,113 
ON US Equity,ON SEMICONDUCTOR,321 ,363 ,217 ,220 ,246 ,170 
OKE US Equity,ONEOK INC,178 ,174 ,436 ,119 ,142 ,344 
ORCL US Equity,ORACLE CORP,17 ,68 ,35 ,7 ,27 ,46 
OTIS US Equity,OTIS WORLDWIDE CORP,270 ,244 ,94 ,382 ,271 ,294 
PCG US Equity,P G & E CORP,220 ,153 ,210 ,22 ,176 ,318 
PCAR US Equity,PACCAR INC,180 ,128 ,201 ,149 ,184 ,53 
PKG US Equity,PACKAGING CORP OF AMERICA,396 ,326 ,308 ,200 ,374 ,353 
PLTR US Equity,PALANTIR TECHNOLOGIES INC-A,55 ,469 ,446 ,480 ,432 ,201 
PANW US Equity,PALO ALTO NETWORKS INC,92 ,324 ,301 ,337 ,302 ,189 
PSKY US Equity,PARAMOUNT SKYDANCE CL B,440 ,126 ,272 ,332 ,498 ,171 
PH US Equity,PARKER HANNIFIN CORP,112 ,183 ,122 ,279 ,119 ,390 
PAYX US Equity,PAYCHEX INC,183 ,399 ,268 ,362 ,238 ,237 
PAYC US Equity,PAYCOM SOFTWARE INC,472 ,491 ,405 ,361 ,421 ,398 
PYPL US Equity,PAYPAL HOLDINGS INC,119 ,121 ,223 ,224 ,102 ,79 
PNR US Equity,PENTAIR PLC,418 ,437 ,376 ,444 ,393 ,465 
PEP US Equity,PEPSICO INC,41 ,42 ,13 ,42 ,41 ,63 
PFE US Equity,PFIZER INC,70 ,65 ,78 ,90 ,49 ,304 
PM US Equity,PHILIP MORRIS INTERNATIONAL,50 ,105 ,76 ,145 ,54 ,117 
PSX US Equity,PHILLIPS 66,211 ,26 ,334 ,124 ,202 ,228 
PNW US Equity,PINNACLE WEST CAPITAL,482 ,412 ,421 ,110 ,395 ,499 
PNC US Equity,PNC FINANCIAL SERVICES GROUP,130 ,116 ,131 ,485 ,57 ,78 
POOL US Equity,POOL CORP,460 ,407 ,426 ,453 ,438 ,477 
PPG US Equity,PPG INDUSTRIES INC,357 ,227 ,154 ,205 ,245 ,196 
PPL US Equity,PPL CORP,349 ,336 ,416 ,94 ,349 ,414 
PFG US Equity,PRINCIPAL FINANCIAL GROUP,409 ,221 ,261 ,447 ,247 ,118 
PG US Equity,PROCTER & GAMBLE CO/THE,22 ,49 ,56 ,65 ,23 ,51 
PGR US Equity,PROGRESSIVE CORP,80 ,47 ,104 ,328 ,31 ,454 
PLD US Equity,PROLOGIS INC,91 ,328 ,467 ,59 ,130 ,288 
PRU US Equity,PRUDENTIAL FINANCIAL INC,230 ,57 ,171 ,485 ,160 ,23 
PTC US Equity,PTC INC,343 ,474 ,399 ,481 ,383 ,440 
PEG US Equity,PUBLIC SERVICE ENTERPRISE GP,229 ,307 ,400 ,75 ,231 ,460 
PSA US Equity,PUBLIC STORAGE,192 ,422 ,427 ,181 ,208 ,394 
PHM US Equity,PULTEGROUP INC,365 ,199 ,413 ,414 ,138 ,240 
QCOM US Equity,QUALCOMM INC,52 ,89 ,139 ,165 ,75 ,91 
PWR US Equity,QUANTA SERVICES INC,210 ,159 ,120 ,243 ,343 ,340 
DGX US Equity,QUEST DIAGNOSTICS INC,417 ,316 ,126 ,285 ,352 ,376 
RL US Equity,RALPH LAUREN CORP,456 ,364 ,313 ,350 ,381 ,215 
RJF US Equity,RAYMOND JAMES FINANCIAL INC,269 ,225 ,265 ,364 ,200 ,42 
O US Equity,REALTY INCOME CORP,207 ,408 ,495 ,74 ,356 ,395 
REG US Equity,REGENCY CENTERS CORP,453 ,497 ,493 ,312 ,442 ,486 
REGN US Equity,REGENERON PHARMACEUTICALS,136 ,248 ,310 ,206 ,94 ,177 
RF US Equity,REGIONS FINANCIAL CORP,354 ,319 ,262 ,371 ,199 ,149 
RSG US Equity,REPUBLIC SERVICES INC,168 ,223 ,164 ,126 ,210 ,478 
RMD US Equity,RESMED INC,250 ,411 ,365 ,435 ,270 ,281 
RVTY US Equity,REVVITY INC,452 ,473 ,357 ,436 ,456 ,285 
HOOD US Equity,ROBINHOOD MARKETS INC - A,275 ,465 ,473 ,479 ,268 ,114 
ROK US Equity,ROCKWELL AUTOMATION INC,241 ,340 ,219 ,365 ,353 ,389 
ROL US Equity,ROLLINS INC,362 ,456 ,256 ,474 ,430 ,475 
ROP US Equity,ROPER TECHNOLOGIES INC,208 ,344 ,278 ,424 ,253 ,416 
ROST US Equity,ROSS STORES INC,201 ,176 ,59 ,217 ,205 ,104 
RCL US Equity,ROYAL CARIBBEAN CRUISES LTD,171 ,215 ,361 ,78 ,150 ,400 
RTX US Equity,RTX CORP,36 ,45 ,31 ,99 ,60 ,71 
SPGI US Equity,S&P GLOBAL INC,68 ,247 ,163 ,406 ,112 ,234 
CRM US Equity,SALESFORCE INC,23 ,104 ,83 ,230 ,66 ,57 
SNDK US Equity,SANDISK CORP,500 ,356 ,357 ,356 ,493 ,255 
SBAC US Equity,SBA COMMUNICATIONS CORP,369 ,478 ,478 ,341 ,378 ,438 
SCHW US Equity,SCHWAB (CHARLES) CORP,51 ,134 ,196 ,241 ,44 ,7 
STX US Equity,SEAGATE TECHNOLOGY HOLDINGS,298 ,325 ,202 ,330 ,262 ,323 
SRE US Equity,SEMPRA,182 ,258 ,295 ,28 ,151 ,245 
NOW US Equity,SERVICENOW INC,38 ,255 ,218 ,198 ,232 ,188 
SHW US Equity,SHERWIN-WILLIAMS CO/THE,116 ,165 ,109 ,176 ,164 ,430 
SPG US Equity,SIMON PROPERTY GROUP INC,187 ,388 ,462 ,211 ,186 ,259 
SWKS US Equity,SKYWORKS SOLUTIONS INC,471 ,436 ,372 ,359 ,428 ,286 
SLB US Equity,SLB LTD,181 ,110 ,56 ,130 ,126 ,154 
AOS US Equity,SMITH (A.O.) CORP,483 ,450 ,341 ,421 ,412 ,428 
SW US Equity,SMURFIT WESTROCK PLC,313 ,177 ,63 ,143 ,450 ,326 
SNA US Equity,SNAP-ON INC,405 ,413 ,335 ,439 ,324 ,262 
SOLV US Equity,SOLVENTUM CORP,473 ,341 ,241 ,301 ,426 ,337 
SO US Equity,SOUTHERN CO/THE,110 ,138 ,207 ,23 ,95 ,301 
LUV US Equity,SOUTHWEST AIRLINES CO,372 ,132 ,93 ,97 ,437 ,144 
SWK US Equity,STANLEY BLACK & DECKER INC,462 ,235 ,143 ,311 ,453 ,418 
SBUX US Equity,STARBUCKS CORP,105 ,107 ,9 ,108 ,218 ,146 
STT US Equity,STATE STREET CORP,261 ,168 ,137 ,191 ,145 ,110 
STLD US Equity,STEEL DYNAMICS INC,340 ,196 ,335 ,187 ,293 ,336 
STE US Equity,STERIS PLC,364 ,401 ,281 ,306 ,394 ,443 
SYK US Equity,STRYKER CORP,77 ,169 ,132 ,212 ,143 ,134 
SMCI US Equity,SUPER MICRO COMPUTER INC,303 ,172 ,423 ,401 ,323 ,99 
SYF US Equity,SYNCHRONY FINANCIAL,306 ,164 ,258 ,485 ,118 ,31 
SNPS US Equity,SYNOPSYS INC,120 ,365 ,211 ,372 ,277 ,161 
SYY US Equity,SYSCO CORP,262 ,52 ,86 ,194 ,223 ,300 
TROW US Equity,T ROWE PRICE GROUP INC,334 ,361 ,392 ,286 ,204 ,172 
TMUS US Equity,T-MOBILE US INC,34 ,51 ,97 ,25 ,30 ,94 
TTWO US Equity,TAKE-TWO INTERACTIVE SOFTWRE,256 ,397 ,338 ,373 ,497 ,258 
TPR US Equity,TAPESTRY INC,402 ,367 ,268 ,408 ,463 ,293 
TRGP US Equity,TARGA RESOURCES CORP,244 ,218 ,456 ,88 ,278 ,450 
TGT US Equity,TARGET CORP,167 ,37 ,5 ,92 ,104 ,103 
TEL US Equity,TE CONNECTIVITY PLC,164 ,206 ,70 ,190 ,220 ,275 
TDY US Equity,TELEDYNE TECHNOLOGIES INC,341 ,386 ,317 ,415 ,347 ,406 
TER US Equity,TERADYNE INC,381 ,470 ,419 ,357 ,411 ,373 
TSLA US Equity,TESLA INC,8 ,39 ,47 ,27 ,113 ,29 
TXN US Equity,TEXAS INSTRUMENTS INC,67 ,200 ,187 ,48 ,83 ,145 
TPL US Equity,TEXAS PACIFIC LAND CORP,333 ,500 ,499 ,470 ,435 ,403 
TXT US Equity,TEXTRON INC,449 ,250 ,187 ,308 ,363 ,260 
CPB US Equity,THE CAMPBELL'S COMPANY,484 ,309 ,330 ,284 ,398 ,457 
CI US Equity,THE CIGNA GROUP,141 ,14 ,91 ,146 ,124 ,69 
TMO US Equity,THERMO FISHER SCIENTIFIC INC,49 ,92 ,48 ,147 ,64 ,122 
TJX US Equity,TJX COMPANIES INC,75 ,70 ,10 ,121 ,85 ,96 
TKO US Equity,TKO GROUP HOLDINGS INC,342 ,471 ,486 ,443 ,476 ,378 
TSCO US Equity,TRACTOR SUPPLY COMPANY,305 ,239 ,219 ,204 ,312 ,425 
TTD US Equity,TRADE DESK INC/THE -CLASS A,179 ,480 ,454 ,422 ,444 ,261 
TT US Equity,TRANE TECHNOLOGIES PLC,126 ,184 ,156 ,305 ,173 ,242 
TDG US Equity,TRANSDIGM GROUP INC,143 ,327 ,296 ,343 ,207 ,165 
TRV US Equity,TRAVELERS COS INC/THE,165 ,80 ,187 ,485 ,65 ,329 
TRMB US Equity,TRIMBLE INC,410 ,453 ,346 ,467 ,258 ,342 
TFC US Equity,TRUIST FINANCIAL CORP,170 ,122 ,172 ,485 ,79 ,100 
TYL US Equity,TYLER TECHNOLOGIES INC,339 ,485 ,404 ,460 ,457 ,339 
TSN US Equity,TYSON FOODS INC-CL A,387 ,76 ,45 ,185 ,429 ,279 
UBER US Equity,UBER TECHNOLOGIES INC,87 ,90 ,199 ,339 ,40 ,84 
UDR US Equity,UDR INC,444 ,494 ,485 ,313 ,469 ,500 
ULTA US Equity,ULTA BEAUTY INC,391 ,288 ,121 ,304 ,289 ,348 
UNP US Equity,UNION PACIFIC CORP,78 ,151 ,200 ,63 ,52 ,272 
UAL US Equity,UNITED AIRLINES HOLDINGS INC,258 ,67 ,54 ,39 ,127 ,83 
UPS US Equity,UNITED PARCEL SERVICE-CL B,121 ,44 ,16 ,66 ,72 ,85 
URI US Equity,UNITED RENTALS INC,193 ,222 ,208 ,49 ,179 ,391 
UNH US Equity,UNITEDHEALTH GROUP INC,26 ,3 ,7 ,67 ,29 ,14 
UHS US Equity,UNIVERSAL HEALTH SERVICES-B,468 ,228 ,110 ,189 ,300 ,459 
USB US Equity,US BANCORP,125 ,93 ,97 ,485 ,51 ,6 
VLO US Equity,VALERO ENERGY CORP,247 ,30 ,373 ,117 ,156 ,107 
VTR US Equity,VENTAS INC,328 ,416 ,494 ,104 ,470 ,322 
VLTO US Equity,VERALTO CORP,335 ,410 ,296 ,456 ,361 ,292 
VRSN US Equity,VERISIGN INC,384 ,495 ,487 ,473 ,372 ,431 
VRSK US Equity,VERISK ANALYTICS INC,246 ,468 ,397 ,342 ,335 ,417 
VZ US Equity,VERIZON COMMUNICATIONS INC,60 ,28 ,64 ,11 ,18 ,119 
VRTX US Equity,VERTEX PHARMACEUTICALS INC,103 ,294 ,425 ,326 ,484 ,109 
VTRS US Equity,VIATRIS INC,439 ,240 ,197 ,318 ,485 ,343 
VICI US Equity,VICI PROPERTIES INC,292 ,449 ,500 ,483 ,165 ,380 
V US Equity,VISA INC-CLASS A SHARES,13 ,100 ,185 ,141 ,15 ,25 
VST US Equity,VISTRA CORP,209 ,208 ,412 ,115 ,167 ,283 
VMC US Equity,VULCAN MATERIALS CO,271 ,355 ,353 ,244 ,340 ,370 
WAB US Equity,WABTEC CORP,277 ,304 ,203 ,354 ,318 ,346 
WMT US Equity,WALMART INC,11 ,1 ,1 ,6 ,16 ,54 
DIS US Equity,WALT DISNEY CO/THE,44 ,40 ,20 ,29 ,28 ,87 
WBD US Equity,WARNER BROS DISCOVERY INC,325 ,101 ,183 ,188 ,500 ,97 
WM US Equity,WASTE MANAGEMENT INC,131 ,146 ,114 ,80 ,161 ,434 
WAT US Equity,WATERS CORP,366 ,464 ,402 ,390 ,392 ,410 
WEC US Equity,WEC ENERGY GROUP INC,300 ,334 ,410 ,64 ,256 ,497 
WFC US Equity,WELLS FARGO & CO,27 ,34 ,25 ,485 ,14 ,9 
WELL US Equity,WELLTOWER INC,133 ,343 ,491 ,45 ,336 ,137 
WST US Equity,WEST PHARMACEUTICAL SERVICES,353 ,467 ,365 ,303 ,423 ,386 
WDC US Equity,WESTERN DIGITAL CORP,368 ,320 ,168 ,289 ,217 ,199 
WY US Equity,WEYERHAEUSER CO,379 ,359 ,379 ,228 ,443 ,354 
WMB US Equity,WILLIAMS COS INC,163 ,302 ,428 ,101 ,195 ,487 
WSM US Equity,WILLIAMS-SONOMA INC,324 ,347 ,263 ,345 ,304 ,280 
WTW US Equity,WILLIS TOWERS WATSON PLC,288 ,315 ,142 ,398 ,480 ,217 
WDAY US Equity,WORKDAY INC-CLASS A,156 ,339 ,255 ,329 ,415 ,249 
WRB US Equity,WR BERKLEY CORP,322 ,241 ,388 ,423 ,230 ,208 
GWW US Equity,WW GRAINGER INC,198 ,209 ,230 ,260 ,216 ,307 
WYNN US Equity,WYNN RESORTS LTD,488 ,358 ,212 ,287 ,422 ,180 
XEL US Equity,XCEL ENERGY INC,245 ,254 ,354 ,32 ,215 ,441 
XYL US Equity,XYLEM INC,312 ,335 ,231 ,319 ,348 ,290 
YUM US Equity,YUM! BRANDS INC,253 ,350 ,168 ,333 ,260 ,362 
ZBRA US Equity,ZEBRA TECHNOLOGIES CORP-CL A,383 ,415 ,374 ,454 ,413 ,321 
ZBH US Equity,ZIMMER BIOMET HOLDINGS INC,375 ,348 ,291 ,276 ,345 ,379 
ZTS US Equity,ZOETIS INC,147 ,323 ,326 ,231 ,180 ,206 
