Ticker,Name,Logo,Description,"Market Capitalization: 2025C, $","Revenue: 2025C, $","Employees: 2025C, $","CAPEX: 2025C, $","Net Income: 2025C, $","Cash & Cash Equivalents: 2025C, $"
MMM US Equity,3M CO,https://www.google.com/s2/favicons?domain=3m.com&sz=128,Diversified technology and manufacturing company founded in 1902 specializing in industrial and consumer products,118,148,115,193,134,98
ABT US Equity,ABBOTT LABORATORIES,https://www.google.com/s2/favicons?domain=abbott.com&sz=128,Healthcare company founded in 1888 focused on pharmaceuticals and medical devices,39,88,53,113,62,68
ABBV US Equity,ABBVIE INC,https://www.google.com/s2/favicons?domain=abbvie.com&sz=128,Biopharmaceutical company founded in 2013 (spun off from Abbott) specializing in immunology and oncology,25,71,128,186,97,90
ACN US Equity,ACCENTURE PLC-CL A,https://www.google.com/s2/favicons?domain=accenture.com&sz=128,Professional services and consulting company founded in 1989 providing technology and management consulting,65,58,3,247,50,41
ADBE US Equity,ADOBE INC,https://www.google.com/s2/favicons?domain=adobe.com&sz=128,Software company founded in 1982 specializing in creative and digital marketing solutions,81,156,198,368,53,93
AMD US Equity,ADVANCED MICRO DEVICES,https://www.google.com/s2/favicons?domain=amd.com&sz=128,Semiconductor company founded in 1969 producing processors and graphics cards,46,145,212,236,239,129
AES US Equity,AES CORP,https://www.google.com/s2/favicons?domain=aes.com&sz=128,Power generation and utility company founded in 1981 focused on renewable energy,490,268,383,33,236,253
AFL US Equity,AFLAC INC,https://www.google.com/s2/favicons?domain=aflac.com&sz=128,Insurance company founded in 1955 specializing in supplemental health and life insurance,184,191,343,485,76,81
A US Equity,AGILENT TECHNOLOGIES INC,https://www.google.com/s2/favicons?domain=agilent.com&sz=128,Life sciences and diagnostics company founded in 1999 (spun off from HP) providing analytical instruments,233,369,280,292,279,224
APD US Equity,AIR PRODUCTS & CHEMICALS INC,https://www.google.com/s2/favicons?domain=airproducts.com&sz=128,Industrial gases company founded in 1940 serving energy and manufacturing sectors,173,274,231,35,483,220
ABNB US Equity,AIRBNB INC-CLASS A,https://www.google.com/s2/favicons?domain=airbnb.com&sz=128,Online marketplace founded in 2008 for lodging and tourism experiences,129,293,406,466,169,76
AKAM US Equity,AKAMAI TECHNOLOGIES INC,https://www.google.com/s2/favicons?domain=akamai.com&sz=128,Content delivery network and cloud services company founded in 1998,445,441,362,223,420,381
ALB US Equity,ALBEMARLE CORP,https://www.google.com/s2/favicons?domain=albemarle.com&sz=128,Specialty chemicals company founded in 1994 focusing on lithium and bromine production,481,405,391,131,489,282
ARE US Equity,ALEXANDRIA REAL ESTATE EQUIT,https://www.google.com/s2/favicons?domain=are.com&sz=128,Real estate investment trust founded in 1994 specializing in life science and technology properties,493,462,492,123,492,375
ALGN US Equity,ALIGN TECHNOLOGY INC,https://www.google.com/s2/favicons?domain=aligntech.com&sz=128,Medical device company founded in 1997 known for Invisalign clear aligners,431,440,253,416,439,303
ALLE US Equity,ALLEGION PLC,https://www.google.com/s2/favicons?domain=allegion.com&sz=128,Security products company founded in 2013 (spun off from Ingersoll Rand) manufacturing locks and access control,475,452,321,432,401,384
LNT US Equity,ALLIANT ENERGY CORP,https://www.google.com/s2/favicons?domain=alliantenergy.com&sz=128,Utility holding company founded in 1981 providing electric and gas services,434,442,463,112,388,476
ALL US Equity,ALLSTATE CORP,https://www.google.com/s2/favicons?domain=allstate.com&sz=128,Insurance company founded in 1931 offering property and casualty insurance,197,63,128,352,86,347
GOOGL US Equity,ALPHABET INC-CL A,https://www.google.com/s2/favicons?domain=abc.xyz&sz=128,Technology conglomerate founded in 2015 (restructured from Google) covering internet services and innovation,5,8,28,4,3,17
MO US Equity,ALTRIA GROUP INC,https://www.google.com/s2/favicons?domain=altria.com&sz=128,Tobacco and consumer goods company founded in 1985 (formerly Philip Morris Companies),113,181,424,391,32,148
AMZN US Equity,AMAZON.COM INC,https://www.google.com/s2/favicons?domain=amazon.com&sz=128,E-commerce and cloud computing company founded in 1994,4,2,2,1,7,5
AMCR US Equity,AMCOR PLC,https://www.google.com/s2/favicons?domain=amcor.com&sz=128,Packaging company founded in 1860 producing flexible and rigid packaging solutions,371,238,82,250,418,332
AEE US Equity,AMEREN CORPORATION,https://www.google.com/s2/favicons?domain=ameren.com&sz=128,Utility holding company founded in 1997 providing electric and gas services in Missouri and Illinois,346,349,385,56,294,498
AEP US Equity,AMERICAN ELECTRIC POWER,https://www.google.com/s2/favicons?domain=aep.com&sz=128,Electric utility company founded in 1906 serving multiple states,202,186,299,30,144,426
AXP US Equity,AMERICAN EXPRESS CO,https://www.google.com/s2/favicons?domain=americanexpress.com&sz=128,Financial services company founded in 1850 specializing in payment cards and travel services,42,54,85,122,39,8
AIG US Equity,AMERICAN INTERNATIONAL GROUP,https://www.google.com/s2/favicons?domain=aig.com&sz=128,Insurance corporation founded in 1919 offering property casualty and life insurance,221,136,238,485,491,268
AMT US Equity,AMERICAN TOWER CORP,https://www.google.com/s2/favicons?domain=americantower.com&sz=128,Real estate investment trust founded in 1995 owning and operating wireless communications infrastructure,114,311,442,135,192,205
AWK US Equity,AMERICAN WATER WORKS CO INC,https://www.google.com/s2/favicons?domain=amwater.com&sz=128,Water and wastewater utility company founded in 1886,344,423,415,87,321,473
AMP US Equity,AMERIPRISE FINANCIAL INC,https://www.google.com/s2/favicons?domain=ameriprise.com&sz=128,Financial services company founded in 1894 providing wealth management and insurance,195,198,332,369,125,62
AME US Equity,AMETEK INC,https://www.google.com/s2/favicons?domain=ametek.com&sz=128,Electronic instruments and electromechanical devices manufacturer founded in 1930,232,370,248,402,272,402
AMGN US Equity,AMGEN INC,https://www.google.com/s2/favicons?domain=amgen.com&sz=128,Biotechnology company founded in 1980 developing human therapeutics,74,118,212,175,105,40
APH US Equity,AMPHENOL CORP-CL A,https://www.google.com/s2/favicons?domain=amphenol.com&sz=128,Electronic and fiber optic connectors manufacturer founded in 1932,62,166,48,182,98,43
ADI US Equity,ANALOG DEVICES INC,https://www.google.com/s2/favicons?domain=analog.com&sz=128,Semiconductor company founded in 1965 specializing in data conversion and signal processing,95,295,222,262,190,176
AON US Equity,AON PLC-CLASS A,https://www.google.com/s2/favicons?domain=aon.com&sz=128,Professional services firm founded in 1982 providing risk management and insurance brokerage,138,230,119,349,168,297
APA US Equity,APA CORP,https://www.google.com/s2/favicons?domain=apacorp.com&sz=128,Oil and gas exploration company founded in 1954 (formerly Apache Corporation),492,317,472,93,370,360
APO US Equity,APOLLO GLOBAL MANAGEMENT INC,https://www.google.com/s2/favicons?domain=apollo.com&sz=128,Alternative investment management firm founded in 1990,106,141,475,485,91,27
AAPL US Equity,APPLE INC,https://www.google.com/s2/favicons?domain=apple.com&sz=128,Technology company founded in 1976 designing consumer electronics and software,1,5,34,15,1,10
AMAT US Equity,APPLIED MATERIALS INC,https://www.google.com/s2/favicons?domain=appliedmaterials.com&sz=128,Semiconductor equipment manufacturer founded in 1967,53,129,177,111,55,73
APP US Equity,APPLOVIN CORP-CLASS A,https://www.google.com/s2/favicons?domain=applovin.com&sz=128,Mobile technology company founded in 2012 providing app monetization and marketing platforms,99,419,483,484,243,341
APTV US Equity,APTIV PLC,https://www.google.com/s2/favicons?domain=aptiv.com&sz=128,Automotive technology company founded in 2017 (spun off from Delphi) focusing on vehicle electronics,446,187,39,199,228,244
ACGL US Equity,ARCH CAPITAL GROUP LTD,https://www.google.com/s2/favicons?domain=archgroup.com&sz=128,Insurance and reinsurance company founded in 1995,266,204,408,458,96,310
ADM US Equity,ARCHER-DANIELS-MIDLAND CO,https://www.google.com/s2/favicons?domain=adm.com&sz=128,Agricultural processor and food ingredients company founded in 1902,345,48,158,138,227,364
ARES US Equity,ARES MANAGEMENT CORP - A,https://www.google.com/s2/favicons?domain=aresmgmt.com&sz=128,Alternative asset management firm founded in 1997,265,417,458,433,431,169
ANET US Equity,ARISTA NETWORKS INC,https://www.google.com/s2/favicons?domain=arista.com&sz=128,Computer networking company founded in 2004 specializing in cloud networking solutions,76,368,443,469,153,167
AJG US Equity,ARTHUR J GALLAGHER & CO,https://www.google.com/s2/favicons?domain=ajg.com&sz=128,Insurance brokerage and risk management services company founded in 1927,151,283,127,392,263,30
AIZ US Equity,ASSURANT INC,https://www.google.com/s2/favicons?domain=assurant.com&sz=128,Insurance and asset protection company founded in 1892,476,279,323,346,377,223
T US Equity,AT&T INC,https://www.google.com/s2/favicons?domain=att.com&sz=128,Telecommunications company founded in 1983 (current form) providing wireless and broadband services,57,31,43,8,13,24
ATO US Equity,ATMOS ENERGY CORP,https://www.google.com/s2/favicons?domain=atmosenergy.com&sz=128,Natural gas distribution company founded in 1906,316,421,435,69,290,432
ADSK US Equity,AUTODESK INC,https://www.google.com/s2/favicons?domain=autodesk.com&sz=128,Software company founded in 1982 specializing in 3D design and engineering software,161,384,309,465,311,241
ADP US Equity,AUTOMATIC DATA PROCESSING,https://www.google.com/s2/favicons?domain=adp.com&sz=128,Human resources management software and services company founded in 1949,86,179,102,374,106,140
AZO US Equity,AUTOZONE INC,https://www.google.com/s2/favicons?domain=autozone.com&sz=128,Automotive parts retailer founded in 1979,155,190,45,151,178,423
AVB US Equity,AVALONBAY COMMUNITIES INC,https://www.google.com/s2/favicons?domain=avaloncommunities.com&sz=128,Real estate investment trust founded in 1978 focused on apartment communities,286,466,465,134,313,469
AVY US Equity,AVERY DENNISON CORP,https://www.google.com/s2/favicons?domain=averydennison.com&sz=128,Materials science and manufacturing company founded in 1935 specializing in labeling and packaging,436,330,183,353,384,408
AXON US Equity,AXON ENTERPRISE INC,https://www.google.com/s2/favicons?domain=axon.com&sz=128,Public safety technology company founded in 1993 producing body cameras and conducted electrical weapons,215,486,444,441,447,393
BKR US Equity,BAKER HUGHES CO,https://www.google.com/s2/favicons?domain=bakerhughes.com&sz=128,Oilfield services company founded in 1907 (current form 2017) providing energy technology,217,133,124,156,171,132
BALL US Equity,BALL CORP,https://www.google.com/s2/favicons?domain=ball.com&sz=128,Metal packaging manufacturer founded in 1880 specializing in beverage cans,425,280,302,269,109,324
BAC US Equity,BANK OF AMERICA CORP,https://www.google.com/s2/favicons?domain=bankofamerica.com&sz=128,Financial services company founded in 1904 (current form 1998) providing banking and investment services,20,19,24,485,10,13
BK US Equity,BANK OF NEW YORK MELLON CORP,https://www.google.com/s2/favicons?domain=bnymellon.com&sz=128,Investment management and services company founded in 2007 (merger) specializing in asset servicing,134,96,145,142,74,3
BAX US Equity,BAXTER INTERNATIONAL INC,https://www.google.com/s2/favicons?domain=baxter.com&sz=128,Healthcare company founded in 1931 producing medical devices and pharmaceuticals,438,299,173,275,486,226
BDX US Equity,BECTON DICKINSON AND CO,https://www.google.com/s2/favicons?domain=bd.com&sz=128,Medical technology company founded in 1897 manufacturing medical devices and laboratory equipment,188,173,94,208,237,358
BRK/B US Equity,BERKSHIRE HATHAWAY INC-CL B,https://www.google.com/s2/favicons?domain=berkshirehathaway.com&sz=128,Conglomerate holding company founded in 1839 (current form 1965) with diverse business holdings,9,4,8,10,4,1
BBY US Equity,BEST BUY CO INC,https://www.google.com/s2/favicons?domain=bestbuy.com&sz=128,Consumer electronics retailer founded in 1966,401,95,75,219,339,243
TECH US Equity,BIO-TECHNE CORP,https://www.google.com/s2/favicons?domain=bio-techne.com&sz=128,Biotechnology company founded in 1976 providing life science tools and diagnostics,495,498,460,471,471,447
BIIB US Equity,BIOGEN INC,https://www.google.com/s2/favicons?domain=biogen.com&sz=128,Biotechnology company founded in 1978 developing therapies for neurological diseases,363,318,401,381,240,186
BLK US Equity,BLACKROCK INC,https://www.google.com/s2/favicons?domain=blackrock.com&sz=128,Investment management corporation founded in 1988,66,154,249,335,73,38
BX US Equity,BLACKSTONE INC,https://www.google.com/s2/favicons?domain=blackstone.com&sz=128,Alternative asset management firm founded in 1985,40,256,439,451,155,209
XYZ US Equity,BLOCK INC,https://www.google.com/s2/favicons?domain=block.xyz&sz=128,Financial services and digital payments company founded in 2009 (formerly Square),191,155,355,380,146,67
BA US Equity,BOEING CO/THE,https://www.google.com/s2/favicons?domain=boeing.com&sz=128,Aerospace manufacturer founded in 1916 producing commercial and military aircraft,59,43,32,89,194,44
BKNG US Equity,BOOKING HOLDINGS INC,https://www.google.com/s2/favicons?domain=bookingholdings.com&sz=128,Online travel agency founded in 1996 (as Priceline) operating multiple travel brands,63,157,224,283,67,28
BSX US Equity,BOSTON SCIENTIFIC CORP,https://www.google.com/s2/favicons?domain=bostonscientific.com&sz=128,Medical device manufacturer founded in 1979 specializing in interventional medical solutions,82,212,132,203,219,397
BMY US Equity,BRISTOL-MYERS SQUIBB CO,https://www.google.com/s2/favicons?domain=bms.com&sz=128,Pharmaceutical company founded in 1887 developing medicines for serious diseases,97,81,185,159,499,48
AVGO US Equity,BROADCOM INC,https://www.google.com/s2/favicons?domain=broadcom.com&sz=128,Semiconductor and infrastructure software company founded in 1961 (current form 2016),6,64,193,240,12,26
BR US Equity,BROADRIDGE FINANCIAL SOLUTIO,https://www.google.com/s2/favicons?domain=broadridge.com&sz=128,Financial technology company founded in 2007 (spun off from ADP) providing investor communications,309,371,313,462,359,369
BRO US Equity,BROWN & BROWN INC,https://www.google.com/s2/favicons?domain=bbinsurance.com&sz=128,Insurance brokerage firm founded in 1939,320,391,287,448,320,299
BF/B US Equity,BROWN-FORMAN CORP-CLASS B,https://www.google.com/s2/favicons?domain=brown-forman.com&sz=128,Spirits and wine company founded in 1870 known for Jack Daniel's and other brands,419,443,437,378,353,396
BLDR US Equity,BUILDERS FIRSTSOURCE INC,https://www.google.com/s2/favicons?domain=bldr.com&sz=128,Building materials supplier founded in 1998,422,217,205,300,314,453
BG US Equity,BUNGE GLOBAL SA,https://www.google.com/s2/favicons?domain=bunge.com&sz=128,Agribusiness and food company founded in 1818,479,77,231,150,301,141
BXP US Equity,BXP INC,https://www.google.com/s2/favicons?domain=bxp.com&sz=128,Real estate investment trust founded in 1970 (formerly Boston Properties) focusing on office properties,477,454,489,172,455,256
CHRW US Equity,C.H. ROBINSON WORLDWIDE INC,https://www.google.com/s2/favicons?domain=chrobinson.com&sz=128,Logistics and freight transportation company founded in 1905,390,220,348,477,403,449
CDNS US Equity,CADENCE DESIGN SYS INC,https://www.google.com/s2/favicons?domain=cadence.com&sz=128,Electronic design automation software company founded in 1988,127,426,341,389,319,173
CPT US Equity,CAMDEN PROPERTY TRUST,https://www.google.com/s2/favicons?domain=camdenliving.com&sz=128,Real estate investment trust founded in 1982 specializing in multifamily residential properties,461,496,482,297,466,495
COF US Equity,CAPITAL ONE FINANCIAL CORP,https://www.google.com/s2/favicons?domain=capitalone.com&sz=128,Bank holding company founded in 1994 specializing in credit cards and consumer banking,69,59,138,164,182,155
CAH US Equity,CARDINAL HEALTH INC,https://www.google.com/s2/favicons?domain=cardinalhealth.com&sz=128,Healthcare services and products company founded in 1971,237,15,123,259,249,125
CCL US Equity,CARNIVAL CORP,https://www.google.com/s2/favicons?domain=carnivalcorp.com&sz=128,Cruise line operator founded in 1972 operating multiple cruise brands,272,139,52,68,157,213
CARR US Equity,CARRIER GLOBAL CORP,https://www.google.com/s2/favicons?domain=carrier.com&sz=128,HVAC and refrigeration company founded in 2020 (spun off from United Technologies),175,170,146,265,71,123
CVNA US Equity,CARVANA CO,https://www.google.com/s2/favicons?domain=carvana.com&sz=128,Online used car retailer founded in 2012,226,252,288,434,461,229
CAT US Equity,CATERPILLAR INC,https://www.google.com/s2/favicons?domain=caterpillar.com&sz=128,Heavy equipment manufacturer founded in 1925 producing construction and mining equipment,58,61,54,81,34,75
CBOE US Equity,CBOE GLOBAL MARKETS INC,https://www.google.com/s2/favicons?domain=cboe.com&sz=128,Options exchange operator founded in 1973 (Chicago Board Options Exchange),378,487,481,452,375,320
CBRE US Equity,CBRE GROUP INC - A,https://www.google.com/s2/favicons?domain=cbre.com&sz=128,Commercial real estate services company founded in 1906,238,109,40,325,333,291
CDW US Equity,CDW CORP/DE,https://www.google.com/s2/favicons?domain=cdw.com&sz=128,Information technology solutions provider founded in 1984,355,178,311,409,315,385
COR US Equity,CENCORA INC,https://www.google.com/s2/favicons?domain=cencora.com&sz=128,Pharmaceutical distribution company founded in 2001 (formerly AmerisourceBergen),174,10,151,227,250,112
CNC US Equity,CENTENE CORP,https://www.google.com/s2/favicons?domain=centene.com&sz=128,Healthcare enterprise founded in 1984 providing managed care services,299,23,118,233,131,35
CNP US Equity,CENTERPOINT ENERGY INC,https://www.google.com/s2/favicons?domain=centerpointenergy.com&sz=128,Electric and natural gas utility company founded in 1866 (current form 2002),377,333,386,50,327,492
CF US Equity,CF INDUSTRIES HOLDINGS INC,https://www.google.com/s2/favicons?domain=cfindustries.com&sz=128,Fertilizer manufacturer founded in 1946,443,390,466,266,286,239
CRL US Equity,CHARLES RIVER LABORATORIES,https://www.google.com/s2/favicons?domain=criver.com&sz=128,Pharmaceutical research services company founded in 1947,486,438,245,340,475,435
CHTR US Equity,CHARTER COMMUNICATIONS INC-A,https://www.google.com/s2/favicons?domain=charter.com&sz=128,Telecommunications and mass media company founded in 1993 operating Spectrum brand,204,74,67,21,80,391
CVX US Equity,CHEVRON CORP,https://www.google.com/s2/favicons?domain=chevron.com&sz=128,Oil and gas company founded in 1879 (as Standard Oil),33,18,155,12,17,77
CMG US Equity,CHIPOTLE MEXICAN GRILL INC,https://www.google.com/s2/favicons?domain=chipotle.com&sz=128,Fast-casual restaurant chain founded in 1993 specializing in Mexican cuisine,128,287,44,249,255,338
CB US Equity,CHUBB LTD,https://www.google.com/s2/favicons?domain=chubb.com&sz=128,Insurance company founded in 1882 providing property and casualty insurance,98,72,161,485,42,174
CHD US Equity,CHURCH & DWIGHT CO INC,https://www.google.com/s2/favicons?domain=churchdwight.com&sz=128,Consumer goods company founded in 1846 known for Arm & Hammer and other household brands,326,387,430,367,404,314
CINF US Equity,CINCINNATI FINANCIAL CORP,https://www.google.com/s2/favicons?domain=cinfin.com&sz=128,Insurance company founded in 1968 providing property casualty insurance,361,286,431,476,189,309
CTAS US Equity,CINTAS CORP,https://www.google.com/s2/favicons?domain=cintas.com&sz=128,Business services company founded in 1968 providing uniforms and facility services,108,305,144,290,226,424
CSCO US Equity,CISCO SYSTEMS INC,https://www.google.com/s2/favicons?domain=cisco.com&sz=128,Networking hardware and telecommunications company founded in 1984,30,69,105,195,38,65
C US Equity,CITIGROUP INC,https://www.google.com/s2/favicons?domain=citigroup.com&sz=128,Financial services corporation founded in 1998 (current form) providing banking and investment services,45,22,22,37,25,16
CFG US Equity,CITIZENS FINANCIAL GROUP,https://www.google.com/s2/favicons?domain=citizensbank.com&sz=128,Bank holding company founded in 1828 (current form 2014) providing retail and commercial banking,336,273,289,410,221,257
CLX US Equity,CLOROX COMPANY,https://www.google.com/s2/favicons?domain=thecloroxcompany.com&sz=128,Consumer goods company founded in 1913 manufacturing cleaning and household products,441,360,402,348,368,445
CME US Equity,CME GROUP INC,https://www.google.com/s2/favicons?domain=cmegroup.com&sz=128,Financial derivatives exchange founded in 2007 (merger) operating futures and options markets,124,385,452,431,120,159
CMS US Equity,CMS ENERGY CORP,https://www.google.com/s2/favicons?domain=cmsenergy.com&sz=128,Energy company founded in 1886 providing electric and natural gas services,382,351,390,86,330,471
KO US Equity,COCA-COLA CO/THE,https://www.google.com/s2/favicons?domain=coca-colacompany.com&sz=128,Beverage company founded in 1892 manufacturing soft drinks and beverages,32,82,100,116,35,45
CTSH US Equity,COGNIZANT TECH SOLUTIONS-A,https://www.google.com/s2/favicons?domain=cognizant.com&sz=128,Information technology services company founded in 1994,248,185,12,327,193,191
COIN US Equity,COINBASE GLOBAL INC -CLASS A,https://www.google.com/s2/favicons?domain=coinbase.com&sz=128,Cryptocurrency exchange platform founded in 2012,166,375,451,485,172,61
CL US Equity,COLGATE-PALMOLIVE CO,https://www.google.com/s2/favicons?domain=colgatepalmolive.com&sz=128,Consumer products company founded in 1806 manufacturing oral care and personal care products,145,182,187,256,148,294
CMCSA US Equity,COMCAST CORP-CLASS A,https://www.google.com/s2/favicons?domain=comcast.com&sz=128,Telecommunications conglomerate founded in 1963 providing cable and media services,73,33,29,18,22,72
FIX US Equity,COMFORT SYSTEMS USA INC,https://www.google.com/s2/favicons?domain=comfortsystemsusa.com&sz=128,Mechanical and electrical contracting company founded in 1997,435,366,275,418,417,374
CAG US Equity,CONAGRA BRANDS INC,https://www.google.com/s2/favicons?domain=conagrabrands.com&sz=128,Packaged foods company founded in 1919 producing consumer food brands,478,282,275,299,299,482
COP US Equity,CONOCOPHILLIPS,https://www.google.com/s2/favicons?domain=conocophillips.com&sz=128,Oil and gas exploration company founded in 2002 (merger),85,75,349,19,43,89
ED US Equity,CONSOLIDATED EDISON INC,https://www.google.com/s2/favicons?domain=conedison.com&sz=128,Energy company founded in 1823 providing electric and gas utility services in New York,289,237,312,43,224,267
STZ US Equity,CONSTELLATION BRANDS INC-A,https://www.google.com/s2/favicons?domain=cbrands.com&sz=128,Beverage alcohol company founded in 1945 producing beer wine and spirits,287,310,365,161,479,481
CEG US Equity,CONSTELLATION ENERGY,https://www.google.com/s2/favicons?domain=constellationenergy.com&sz=128,Energy company founded in 2022 (spun off from Exelon) providing electricity generation,154,161,457,102,115,156
COO US Equity,COOPER COS INC/THE,https://www.google.com/s2/favicons?domain=coopercos.com&sz=128,Medical device company founded in 1958 specializing in contact lenses and women's health,451,435,313,309,448,467
CPRT US Equity,COPART INC,https://www.google.com/s2/favicons?domain=copart.com&sz=128,Vehicle auction and remarketing services company founded in 1982,223,425,351,253,251,166
GLW US Equity,CORNING INC,https://www.google.com/s2/favicons?domain=corning.com&sz=128,Materials science company founded in 1851 specializing in specialty glass and ceramics,152,232,125,154,242,252
CPAY US Equity,CORPAY INC,https://www.google.com/s2/favicons?domain=corpay.com&sz=128,Payment solutions company founded in 2000 (formerly FleetCor) providing business payment technology,352,444,356,370,329,246
CTVA US Equity,CORTEVA INC,https://www.google.com/s2/favicons?domain=corteva.com&sz=128,Agricultural chemical and seed company founded in 2019 (spun off from DowDuPont),243,211,241,248,342,150
CSGP US Equity,COSTAR GROUP INC,https://www.google.com/s2/favicons?domain=costargroup.com&sz=128,Commercial real estate information and analytics provider founded in 1987,301,475,418,235,467,105
COST US Equity,COSTCO WHOLESALE CORP,https://www.google.com/s2/favicons?domain=costco.com&sz=128,Membership warehouse club founded in 1983,18,13,11,41,48,34
CTRA US Equity,COTERRA ENERGY INC,https://www.google.com/s2/favicons?domain=coterra.com&sz=128,Oil and gas exploration company founded in 2021 (merger of Cabot and Cimarex),393,402,488,129,307,204
CRH US Equity,CRH PLC,https://www.google.com/s2/favicons?domain=crh.com&sz=128,Building materials company founded in 1970 (Ireland) producing cement and aggregates,169,111,79,100,121,131
CRWD US Equity,CROWDSTRIKE HOLDINGS INC - A,https://www.google.com/s2/favicons?domain=crowdstrike.com&sz=128,Cybersecurity technology company founded in 2011,104,445,370,323,478,115
CCI US Equity,CROWN CASTLE INC,https://www.google.com/s2/favicons?domain=crowncastle.com&sz=128,Telecommunications infrastructure company founded in 1994 operating cell towers,240,374,448,160,496,464
CSX US Equity,CSX CORP,https://www.google.com/s2/favicons?domain=csx.com&sz=128,Freight railroad company founded in 1980 (current form) providing rail transportation,159,249,234,91,148,356
CMI US Equity,CUMMINS INC,https://www.google.com/s2/favicons?domain=cummins.com&sz=128,Engine and power generation manufacturer founded in 1919,205,115,101,163,110,233
CVS US Equity,CVS HEALTH CORP,https://www.google.com/s2/favicons?domain=cvshealth.com&sz=128,Healthcare company founded in 1963 operating pharmacies and health services,185,6,23,95,88,60
DHR US Equity,DANAHER CORP,https://www.google.com/s2/favicons?domain=danaher.com&sz=128,Conglomerate founded in 1984 specializing in life sciences and diagnostics,64,150,110,168,116,108
DRI US Equity,DARDEN RESTAURANTS INC,https://www.google.com/s2/favicons?domain=darden.com&sz=128,Restaurant company founded in 1968 operating Olive Garden and other chains,350,272,26,232,322,427
DDOG US Equity,DATADOG INC - CLASS A,https://www.google.com/s2/favicons?domain=datadoghq.com&sz=128,Cloud monitoring and analytics platform founded in 2010,203,477,419,430,462,276
DVA US Equity,DAVITA INC,https://www.google.com/s2/favicons?domain=davita.com&sz=128,Healthcare company founded in 1994 providing kidney dialysis services,466,262,84,257,338,334
DAY US Equity,DAYFORCE INC,https://www.google.com/s2/favicons?domain=dayforce.com&sz=128,Human capital management software company founded in 2012 (spun off from Ceridian),470,493,377,419,474,367
DECK US Equity,DECKERS OUTDOOR CORP,https://www.google.com/s2/favicons?domain=deckers.com&sz=128,Footwear company founded in 1973 known for UGG and HOKA brands,416,414,434,438,334,218
DE US Equity,DEERE & CO,https://www.google.com/s2/favicons?domain=deere.com&sz=128,Agricultural machinery manufacturer founded in 1837,88,85,92,58,81,66
DELL US Equity,DELL TECHNOLOGIES -C,https://www.google.com/s2/favicons?domain=dell.com&sz=128,Computer technology company founded in 1984 (current form 2016) producing PCs and IT solutions,150,38,58,98,90,135
DAL US Equity,DELTA AIR LINES INC,https://www.google.com/s2/favicons?domain=delta.com&sz=128,Airline founded in 1924 providing passenger and cargo air transportation,216,66,61,51,82,116
DVN US Equity,DEVON ENERGY CORP,https://www.google.com/s2/favicons?domain=devonenergy.com&sz=128,Oil and gas exploration company founded in 1971,373,224,473,31,147,327
DXCM US Equity,DEXCOM INC,https://www.google.com/s2/favicons?domain=dexcom.com&sz=128,Medical device company founded in 1999 specializing in continuous glucose monitoring systems,296,439,369,310,406,365
FANG US Equity,DIAMONDBACK ENERGY INC,https://www.google.com/s2/favicons?domain=diamondbackenergy.com&sz=128,Oil and natural gas exploration company founded in 2007,206,296,475,20,129,448
DLR US Equity,DIGITAL REALTY TRUST INC,https://www.google.com/s2/favicons?domain=digitalrealty.com&sz=128,Data center real estate investment trust founded in 2004,177,400,446,77,397,126
DG US Equity,DOLLAR GENERAL CORP,https://www.google.com/s2/favicons?domain=dollargeneral.com&sz=128,Discount retailer founded in 1939,429,98,27,152,303,319
DLTR US Equity,DOLLAR TREE INC,https://www.google.com/s2/favicons?domain=dollartree.com&sz=128,Discount variety store chain founded in 1986,428,202,108,153,494,274
D US Equity,DOMINION ENERGY INC,https://www.google.com/s2/favicons?domain=dominionenergy.com&sz=128,Energy company founded in 1983 (current form) providing electric and gas utility services,214,243,318,16,201,413
DPZ US Equity,DOMINO'S PIZZA INC,https://www.google.com/s2/favicons?domain=dominos.com&sz=128,Pizza restaurant chain founded in 1960,442,420,363,417,405,439
DASH US Equity,DOORDASH INC - A,https://www.google.com/s2/favicons?domain=doordash.com&sz=128,Food delivery platform founded in 2013,153,298,229,316,468,121
DOV US Equity,DOVER CORP,https://www.google.com/s2/favicons?domain=dovercorporation.com&sz=128,Diversified industrial manufacturer founded in 1955,327,346,225,377,162,222
DOW US Equity,DOW INC,https://www.google.com/s2/favicons?domain=dow.com&sz=128,Chemical company founded in 2019 (spun off from DowDuPont) producing materials science products,311,91,179,82,310,195
DHI US Equity,DR HORTON INC,https://www.google.com/s2/favicons?domain=drhorton.com&sz=128,Homebuilding company founded in 1978,200,113,322,395,117,157
DTE US Equity,DTE ENERGY COMPANY,https://www.google.com/s2/favicons?domain=dteenergy.com&sz=128,Energy company founded in 1903 (current form 1996) providing electric and gas services in Michigan,337,266,378,55,269,492
DUK US Equity,DUKE ENERGY CORP,https://www.google.com/s2/favicons?domain=duke-energy.com&sz=128,Electric power holding company founded in 1904 (current form 2012),123,123,216,17,92,412
DD US Equity,DUPONT DE NEMOURS INC,https://www.google.com/s2/favicons?domain=dupont.com&sz=128,Chemical company founded in 1802 (current form 2019) specializing in specialty products,280,267,225,251,385,221
ETN US Equity,EATON CORP PLC,https://www.google.com/s2/favicons?domain=eaton.com&sz=128,Power management company founded in 1911 producing electrical and industrial equipment,84,149,68,201,113,371
EBAY US Equity,EBAY INC,https://www.google.com/s2/favicons?domain=ebay.com&sz=128,E-commerce platform founded in 1995,302,308,352,274,214,179
ECL US Equity,ECOLAB INC,https://www.google.com/s2/favicons?domain=ecolab.com&sz=128,Water and hygiene technology company founded in 1923,162,229,146,183,203,273
EIX US Equity,EDISON INTERNATIONAL,https://www.google.com/s2/favicons?domain=edison.com&sz=128,Electric utility holding company founded in 1886 serving Southern California,293,201,328,40,252,436
EW US Equity,EDWARDS LIFESCIENCES CORP,https://www.google.com/s2/favicons?domain=edwards.com&sz=128,Medical technology company founded in 2000 (spun off from Baxter) specializing in heart valves,225,404,306,336,101,153
EA US Equity,ELECTRONIC ARTS INC,https://www.google.com/s2/favicons?domain=ea.com&sz=128,Video game company founded in 1982,260,353,320,347,307,197
ELV US Equity,ELEVANCE HEALTH INC,https://www.google.com/s2/favicons?domain=elevancehealth.com&sz=128,Health insurance company founded in 2004 (formerly Anthem rebranded 2022),137,17,60,173,70,52
LLY US Equity,ELI LILLY & CO,https://www.google.com/s2/favicons?domain=lilly.com&sz=128,Pharmaceutical company founded in 1876,12,87,151,46,37,143
EME US Equity,EMCOR GROUP INC,https://www.google.com/s2/favicons?domain=emcorgroup.com&sz=128,Construction and facilities services company founded in 1987,376,242,166,442,328,265
EMR US Equity,EMERSON ELECTRIC CO,https://www.google.com/s2/favicons?domain=emerson.com&sz=128,Technology and engineering company founded in 1890 producing automation solutions,144,197,96,281,188,248
ETR US Equity,ENTERGY CORP,https://www.google.com/s2/favicons?domain=entergy.com&sz=128,Energy company founded in 1913 (current form 1989) providing electric power,276,278,347,44,317,325
EOG US Equity,EOG RESOURCES INC,https://www.google.com/s2/favicons?domain=eogresources.com&sz=128,Oil and natural gas exploration company founded in 1985,157,158,459,38,63,74
EPAM US Equity,EPAM SYSTEMS INC,https://www.google.com/s2/favicons?domain=epam.com&sz=128,Software engineering services company founded in 1993,455,418,116,468,434,271
EQT US Equity,EQT CORP,https://www.google.com/s2/favicons?domain=eqt.com&sz=128,Natural gas production company founded in 1888 (current focus from 2018),317,378,484,105,460,433
EFX US Equity,EQUIFAX INC,https://www.google.com/s2/favicons?domain=equifax.com&sz=128,Credit reporting agency founded in 1899,282,396,318,267,396,444
EQIX US Equity,EQUINIX INC,https://www.google.com/s2/favicons?domain=equinix.com&sz=128,Data center and colocation services company founded in 1998,107,331,331,84,365,152
EQR US Equity,EQUITY RESIDENTIAL,https://www.google.com/s2/favicons?domain=equityapartments.com&sz=128,Real estate investment trust founded in 1969 focused on apartment properties,318,463,470,118,325,485
ERIE US Equity,ERIE INDEMNITY COMPANY-CL A,https://www.google.com/s2/favicons?domain=erieinsurance.com&sz=128,Insurance company founded in 1925 managing Erie Insurance Exchange,389,451,414,405,399,415
ESS US Equity,ESSEX PROPERTY TRUST INC,https://www.google.com/s2/favicons?domain=essex.com&sz=128,Real estate investment trust founded in 1971 specializing in West Coast apartments,398,492,479,170,382,483
EL US Equity,ESTEE LAUDER COMPANIES-CL A,https://www.google.com/s2/favicons?domain=elcompanies.com&sz=128,Cosmetics and skincare company founded in 1946,304,245,165,245,488,158
EG US Equity,EVEREST GROUP LTD,https://www.google.com/s2/favicons?domain=everestglobal.com&sz=128,Insurance and reinsurance company founded in 1973,430,205,461,485,273,247
EVRG US Equity,EVERGY INC,https://www.google.com/s2/favicons?domain=evergy.com&sz=128,Electric utility company founded in 2018 (merger) serving Kansas and Missouri,448,392,441,107,351,494
ES US Equity,EVERSOURCE ENERGY,https://www.google.com/s2/favicons?domain=eversource.com&sz=128,Energy company founded in 1927 (current form 2012) providing electric and gas services,374,277,364,54,366,491
EXC US Equity,EXELON CORP,https://www.google.com/s2/favicons?domain=exeloncorp.com&sz=128,Energy company founded in 2000 (merger) providing electric and gas utilities,249,167,257,34,181,405
EXE US Equity,EXPAND ENERGY CORP,https://www.google.com/s2/favicons?domain=expandenergy.com&sz=128,Natural gas company founded in 2024 (merger of Chesapeake Energy and Southwestern Energy),356,431,480,139,487,411
EXPE US Equity,EXPEDIA GROUP INC,https://www.google.com/s2/favicons?domain=expediagroup.com&sz=128,Online travel company founded in 1996 operating multiple travel booking brands,348,251,296,210,285,120
EXPD US Equity,EXPEDITORS INTL WASH INC,https://www.google.com/s2/favicons?domain=expeditors.com&sz=128,Logistics and freight forwarding company founded in 1979,433,300,274,464,367,287
EXR US Equity,EXTRA SPACE STORAGE INC,https://www.google.com/s2/favicons?domain=extraspace.com&sz=128,Self-storage real estate investment trust founded in 1977,281,458,394,202,357,455
XOM US Equity,EXXON MOBIL CORP,https://www.google.com/s2/favicons?domain=exxonmobil.com&sz=128,Oil and gas company founded in 1999 (merger of Exxon and Mobil),16,9,117,5,9,18
FFIV US Equity,F5 INC,https://www.google.com/s2/favicons?domain=f5.com&sz=128,Application delivery networking company founded in 1996,395,461,417,463,387,264
FDS US Equity,FACTSET RESEARCH SYSTEMS INC,https://www.google.com/s2/favicons?domain=factset.com&sz=128,Financial data and software company founded in 1978,450,482,340,420,402,407
FICO US Equity,FAIR ISAAC CORP,https://www.google.com/s2/favicons?domain=fico.com&sz=128,Analytics and credit scoring company founded in 1956 known for FICO credit scores,264,490,450,482,390,456
FAST US Equity,FASTENAL CO,https://www.google.com/s2/favicons?domain=fastenal.com&sz=128,Industrial and construction supplies distributor founded in 1967,213,342,247,338,282,421
FRT US Equity,FEDERAL REALTY INVS TRUST,https://www.google.com/s2/favicons?domain=federalrealty.com&sz=128,Retail-focused real estate investment trust founded in 1962,485,499,497,264,452,461
FDX US Equity,FEDEX CORP,https://www.google.com/s2/favicons?domain=fedex.com&sz=128,Package delivery and logistics company founded in 1971,194,46,19,60,103,92
FIS US Equity,FIDELITY NATIONAL INFO SERV,https://www.google.com/s2/favicons?domain=fisglobal.com&sz=128,Financial services technology company founded in 1968,227,312,141,428,264,330
FITB US Equity,FIFTH THIRD BANCORP,https://www.google.com/s2/favicons?domain=53.com&sz=128,Bank holding company founded in 1858 (current form 1975),290,261,271,288,175,138
FSLR US Equity,FIRST SOLAR INC,https://www.google.com/s2/favicons?domain=firstsolar.com&sz=128,Solar panel manufacturer founded in 1999,392,432,393,140,280,238
FE US Equity,FIRSTENERGY CORP,https://www.google.com/s2/favicons?domain=firstenergycorp.com&sz=128,Electric utility holding company founded in 1997,358,253,345,61,332,466
FISV US Equity,FISERV INC,https://www.google.com/s2/favicons?domain=fiserv.com&sz=128,Financial services technology company founded in 1984,93,180,173,136,136,277
F US Equity,FORD MOTOR CO,https://www.google.com/s2/favicons?domain=ford.com&sz=128,Automotive manufacturer founded in 1903,242,21,33,26,68,19
FTNT US Equity,FORTINET INC,https://www.google.com/s2/favicons?domain=fortinet.com&sz=128,Cybersecurity company founded in 2000,149,389,325,302,233,163
FTV US Equity,FORTIVE CORP,https://www.google.com/s2/favicons?domain=fortive.com&sz=128,Industrial technology conglomerate founded in 2016 (spun off from Danaher),330,382,281,412,362,333
FOXA US Equity,FOX CORP - CLASS A,https://www.google.com/s2/favicons?domain=foxcorporation.com&sz=128,Media company founded in 2019 operating news and entertainment networks,338,219,368,315,191,95
BEN US Equity,FRANKLIN RESOURCES INC,https://www.google.com/s2/favicons?domain=franklintempleton.com&sz=128,Investment management company founded in 1947,465,329,375,379,416,151
FCX US Equity,FREEPORT-MCMORAN INC,https://www.google.com/s2/favicons?domain=fcx.com&sz=128,Mining company founded in 1912 (current form 1981) specializing in copper and gold,148,143,208,53,198,128
GRMN US Equity,GARMIN LTD,https://www.google.com/s2/favicons?domain=garmin.com&sz=128,GPS technology company founded in 1989,236,380,245,360,267,202
IT US Equity,GARTNER INC,https://www.google.com/s2/favicons?domain=gartner.com&sz=128,Research and advisory company founded in 1979 specializing in technology insights,252,381,250,426,284,211
GEHC US Equity,GE HEALTHCARE TECHNOLOGY,https://www.google.com/s2/favicons?domain=gehealthcare.com&sz=128,Medical technology company founded in 2023 (spun off from GE) providing healthcare equipment,263,188,132,295,213,160
GEV US Equity,GE VERNOVA INC,https://www.google.com/s2/favicons?domain=gevernova.com&sz=128,Energy technology company founded in 2024 (spun off from GE) focusing on power generation,56,103,86,155,84,57
GEN US Equity,GEN DIGITAL INC,https://www.google.com/s2/favicons?domain=gendigital.com&sz=128,Cybersecurity software company founded in 2022 (formerly NortonLifeLock and Symantec),420,446,455,478,391,308
GNRC US Equity,GENERAC HOLDINGS INC,https://www.google.com/s2/favicons?domain=generac.com&sz=128,Power generation equipment manufacturer founded in 1959,489,429,381,397,451,420
GD US Equity,GENERAL DYNAMICS CORP,https://www.google.com/s2/favicons?domain=gd.com&sz=128,Aerospace and defense company founded in 1952,109,79,51,167,99,187
GE US Equity,GENERAL ELECTRIC,https://www.google.com/s2/favicons?domain=ge.com&sz=128,Industrial conglomerate founded in 1892 focusing on aerospace technology,24,84,132,178,45,39
GIS US Equity,GENERAL MILLS INC,https://www.google.com/s2/favicons?domain=generalmills.com&sz=128,Food manufacturer founded in 1856 producing consumer food brands,307,189,193,238,187,404
GM US Equity,GENERAL MOTORS CO,https://www.google.com/s2/favicons?domain=gm.com&sz=128,Automotive manufacturer founded in 1908 (current form 2009),146,20,36,24,163,21
GPC US Equity,GENUINE PARTS CO,https://www.google.com/s2/favicons?domain=genpt.com&sz=128,Automotive and industrial parts distributor founded in 1928,423,162,110,254,344,387
GILD US Equity,GILEAD SCIENCES INC,https://www.google.com/s2/favicons?domain=gilead.com&sz=128,Biopharmaceutical company founded in 1987 specializing in antiviral drugs,94,127,286,263,425,49
GPN US Equity,GLOBAL PAYMENTS INC,https://www.google.com/s2/favicons?domain=globalpaymentsinc.com&sz=128,Payment technology company founded in 1967,315,313,215,225,248,175
GL US Equity,GLOBE LIFE INC,https://www.google.com/s2/favicons?domain=globelifeinsurance.com&sz=128,Insurance holding company founded in 1951 (formerly Torchmark),487,394,453,445,316,446
GDDY US Equity,GODADDY INC - CLASS A,https://www.google.com/s2/favicons?domain=godaddy.com&sz=128,Internet domain registrar and web hosting company founded in 1997,314,427,433,475,337,296
GS US Equity,GOLDMAN SACHS GROUP INC,https://www.google.com/s2/favicons?domain=goldmansachs.com&sz=128,Investment banking and financial services company founded in 1869,31,32,150,114,19,2
HAL US Equity,HALLIBURTON CO,https://www.google.com/s2/favicons?domain=halliburton.com&sz=128,Oilfield services company founded in 1919,351,171,146,157,281,194
HIG US Equity,HARTFORD INSURANCE GROUP INC,https://www.google.com/s2/favicons?domain=thehartford.com&sz=128,Insurance company founded in 1810 providing property casualty and group benefits,284,140,267,387,137,429
HAS US Equity,HASBRO INC,https://www.google.com/s2/favicons?domain=hasbro.com&sz=128,Toy and entertainment company founded in 1923,496,433,438,358,446,349
HCA US Equity,HCA HEALTHCARE INC,https://www.google.com/s2/favicons?domain=hcahealthcare.com&sz=128,Hospital operator founded in 1968,101,53,15,47,59,305
DOC US Equity,HEALTHPEAK PROPERTIES INC,https://www.google.com/s2/favicons?domain=healthpeak.com&sz=128,Healthcare real estate investment trust founded in 1985,447,476,496,218,458,463
HSIC US Equity,HENRY SCHEIN INC,https://www.google.com/s2/favicons?domain=henryschein.com&sz=128,Healthcare products and services distributor founded in 1932,491,263,221,385,445,462
HSY US Equity,HERSHEY CO/THE,https://www.google.com/s2/favicons?domain=thehersheycompany.com&sz=128,Chocolate and confectionery manufacturer founded in 1894,268,290,273,242,196,345
HPE US Equity,HEWLETT PACKARD ENTERPRISE,https://www.google.com/s2/favicons?domain=hpe.com&sz=128,Information technology company founded in 2015 (split from HP) providing enterprise solutions,279,112,102,109,472,86
HLT US Equity,HILTON WORLDWIDE HOLDINGS IN,https://www.google.com/s2/favicons?domain=hilton.com&sz=128,Hospitality company founded in 1919 operating hotel brands,176,291,30,429,254,269
HOLX US Equity,HOLOGIC INC,https://www.google.com/s2/favicons?domain=hologic.com&sz=128,Medical technology company founded in 1985 specializing in women's health,437,434,409,396,407,210
HD US Equity,HOME DEPOT INC,https://www.google.com/s2/favicons?domain=homedepot.com&sz=128,Home improvement retailer founded in 1978,19,24,4,70,24,235
HON US Equity,HONEYWELL INTERNATIONAL INC,https://www.google.com/s2/favicons?domain=honeywell.com&sz=128,Conglomerate founded in 1906 producing aerospace and building technologies,71,102,62,166,69,47
HRL US Equity,HORMEL FOODS CORP,https://www.google.com/s2/favicons?domain=hormelfoods.com&sz=128,Food processing company founded in 1891,458,271,258,324,427,355
HST US Equity,HOST HOTELS & RESORTS INC,https://www.google.com/s2/favicons?domain=hosthotels.com&sz=128,Lodging real estate investment trust founded in 1927 (current form 1998),464,395,498,258,386,372
HWM US Equity,HOWMET AEROSPACE INC,https://www.google.com/s2/favicons?domain=howmet.com&sz=128,Aerospace components manufacturer founded in 2020 (split from Arconic),219,354,227,319,298,368
HPQ US Equity,HP INC,https://www.google.com/s2/favicons?domain=hp.com&sz=128,Computer and printer manufacturer founded in 1939 (current form 2015 split),331,73,128,196,174,133
HUBB US Equity,HUBBELL INC,https://www.google.com/s2/favicons?domain=hubbell.com&sz=128,Electrical equipment manufacturer founded in 1888,360,398,285,366,373,408
HUM US Equity,HUMANA INC,https://www.google.com/s2/favicons?domain=humana.com&sz=128,Health insurance company founded in 1961,294,36,106,252,287,192
JBHT US Equity,HUNT (JB) TRANSPRT SVCS INC,https://www.google.com/s2/favicons?domain=jbhunt.com&sz=128,Transportation and logistics company founded in 1961,397,276,191,296,400,496
HBAN US Equity,HUNTINGTON BANCSHARES INC,https://www.google.com/s2/favicons?domain=huntington.com&sz=128,Bank holding company founded in 1866,319,265,254,388,197,225
HII US Equity,HUNTINGTON INGALLS INDUSTRIE,https://www.google.com/s2/favicons?domain=huntingtoningalls.com&sz=128,Shipbuilding company founded in 2011 (spun off from Northrop Grumman) specializing in military vessels,498,284,159,307,410,331
IEX US Equity,IDEX CORP,https://www.google.com/s2/favicons?domain=idexcorp.com&sz=128,Applied solutions company founded in 1988 manufacturing pumps and fluid handling equipment,427,457,384,449,419,361
IDXX US Equity,IDEXX LABORATORIES INC,https://www.google.com/s2/favicons?domain=idexx.com&sz=128,Veterinary diagnostics company founded in 1983,273,447,357,411,350,419
ITW US Equity,ILLINOIS TOOL WORKS,https://www.google.com/s2/favicons?domain=itw.com&sz=128,Industrial products manufacturer founded in 1912,142,226,159,278,122,316
INCY US Equity,INCYTE CORP,https://www.google.com/s2/favicons?domain=incyte.com&sz=128,Biopharmaceutical company founded in 1991 focusing on oncology,454,430,468,437,473,232
IR US Equity,INGERSOLL-RAND INC,https://www.google.com/s2/favicons?domain=irco.com&sz=128,Industrial equipment manufacturer founded in 2020 (successor to 1871 original) producing climate control,259,357,251,383,360,250
PODD US Equity,INSULET CORP,https://www.google.com/s2/favicons?domain=insulet.com&sz=128,Medical device company founded in 2000 developing insulin delivery systems,399,488,448,404,440,315
INTC US Equity,INTEL CORP,https://www.google.com/s2/favicons?domain=intel.com&sz=128,Semiconductor company founded in 1968 manufacturing microprocessors,54,78,74,14,481,33
IBKR US Equity,INTERACTIVE BROKERS GRO-CL A,https://www.google.com/s2/favicons?domain=interactivebrokers.com&sz=128,Electronic brokerage firm founded in 1978,308,303,463,461,331,101
ICE US Equity,INTERCONTINENTAL EXCHANGE IN,https://www.google.com/s2/favicons?domain=theice.com&sz=128,Financial exchange and data company founded in 2000 operating NYSE and other markets,115,322,339,213,158,328
IP US Equity,INTERNATIONAL PAPER CO,https://www.google.com/s2/favicons?domain=internationalpaper.com&sz=128,Paper and packaging company founded in 1898,394,194,176,192,408,284
IBM US Equity,INTL BUSINESS MACHINES CORP,https://www.google.com/s2/favicons?domain=ibm.com&sz=128,Technology company founded in 1911 providing cloud computing and AI solutions,29,60,17,133,36,36
IFF US Equity,INTL FLAVORS & FRAGRANCES,https://www.google.com/s2/favicons?domain=iff.com&sz=128,Flavors and fragrances manufacturer founded in 2021 (merger with DuPont N&B),370,285,235,273,459,388
INTU US Equity,INTUIT INC,https://www.google.com/s2/favicons?domain=intuit.com&sz=128,Financial software company founded in 1983 known for QuickBooks and TurboTax,37,192,278,406,111,162
ISRG US Equity,INTUITIVE SURGICAL INC,https://www.google.com/s2/favicons?domain=intuitive.com&sz=128,Medical technology company founded in 1995 developing robotic-assisted surgical systems,47,314,307,174,152,55
IVZ US Equity,INVESCO LTD,https://www.google.com/s2/favicons?domain=invesco.com&sz=128,Investment management company founded in 1935 (current form 2007),467,379,389,446,482,306
INVH US Equity,INVITATION HOMES INC,https://www.google.com/s2/favicons?domain=invitationhomes.com&sz=128,Single-family rental home real estate investment trust founded in 2012,385,479,477,184,436,442
IQV US Equity,IQVIA HOLDINGS INC,https://www.google.com/s2/favicons?domain=iqvia.com&sz=128,Healthcare data analytics company founded in 2016 (merger of Quintiles and IMS Health),267,234,73,245,273,230
IRM US Equity,IRON MOUNTAIN INC,https://www.google.com/s2/favicons?domain=ironmountain.com&sz=128,Storage and information management company founded in 1951,291,383,206,128,464,452
JBL US Equity,JABIL INC,https://www.google.com/s2/favicons?domain=jabil.com&sz=128,Electronics manufacturing services company founded in 1966,367,125,42,272,389,212
JKHY US Equity,JACK HENRY & ASSOCIATES INC,https://www.google.com/s2/favicons?domain=jackhenry.com&sz=128,Financial technology company founded in 1976 serving banks and credit unions,457,481,407,457,433,472
J US Equity,JACOBS SOLUTIONS INC,https://www.google.com/s2/favicons?domain=jacobs.com&sz=128,Engineering and construction company founded in 1947,408,275,161,440,454,278
SJM US Equity,JM SMUCKER CO/THE,https://www.google.com/s2/favicons?domain=jmsmucker.com&sz=128,Food and beverage company founded in 1897 producing consumer brands,463,332,395,298,490,480
JNJ US Equity,JOHNSON & JOHNSON,https://www.google.com/s2/favicons?domain=jnj.com&sz=128,Healthcare and pharmaceutical company founded in 1886,14,41,41,57,11,15
JCI US Equity,JOHNSON CONTROLS INTERNATION,https://www.google.com/s2/favicons?domain=johnsoncontrols.com&sz=128,Building technology and solutions company founded in 1885 (current form 2016),160,160,86,280,133,401
JPM US Equity,JPMORGAN CHASE & CO,https://www.google.com/s2/favicons?domain=jpmorganchase.com&sz=128,Financial services firm founded in 2000 (current form merger) providing banking and investment services,10,12,14,485,8,20
KVUE US Equity,KENVUE INC,https://www.google.com/s2/favicons?domain=kenvue.com&sz=128,Consumer health company founded in 2023 (spun off from J&J) producing personal care products,234,233,241,277,326,301
KDP US Equity,KEURIG DR PEPPER INC,https://www.google.com/s2/favicons?domain=keurigdrpepper.com&sz=128,Beverage company founded in 2018 (merger) producing coffee and soft drinks,224,236,204,255,265,383
KEY US Equity,KEYCORP,https://www.google.com/s2/favicons?domain=key.com&sz=128,Bank holding company founded in 1849 (current form 1994),359,289,290,450,222,270
KEYS US Equity,KEYSIGHT TECHNOLOGIES IN,https://www.google.com/s2/favicons?domain=keysight.com&sz=128,Electronic measurement equipment company founded in 2014 (spun off from Agilent),285,406,292,400,358,219
KMB US Equity,KIMBERLY-CLARK CORP,https://www.google.com/s2/favicons?domain=kimberly-clark.com&sz=128,Personal care products company founded in 1872 known for Kleenex and Huggies,274,216,173,171,211,352
KIM US Equity,KIMCO REALTY CORP,https://www.google.com/s2/favicons?domain=kimcorealty.com&sz=128,Retail-focused real estate investment trust founded in 1966,426,489,490,317,441,351
KMI US Equity,KINDER MORGAN INC,https://www.google.com/s2/favicons?domain=kindermorgan.com&sz=128,Energy infrastructure company founded in 1997 (current form 2011) operating pipelines,172,210,360,85,140,484
KKR US Equity,KKR & CO INC,https://www.google.com/s2/favicons?domain=kkr.com&sz=128,Investment firm founded in 1976 specializing in private equity,83,124,440,393,139,32
KLAC US Equity,KLA CORP,https://www.google.com/s2/favicons?domain=kla.com&sz=128,Semiconductor equipment manufacturer founded in 1997 (merger) providing process control systems,90,269,313,314,107,203
KHC US Equity,KRAFT HEINZ CO/THE,https://www.google.com/s2/favicons?domain=kraftheinzcompany.com&sz=128,Food and beverage company founded in 2015 (merger) producing consumer packaged goods,257,144,179,179,159,266
KR US Equity,KROGER CO,https://www.google.com/s2/favicons?domain=thekrogerco.com&sz=128,Grocery retail company founded in 1883,235,25,6,62,166,124
LHX US Equity,L3HARRIS TECHNOLOGIES INC,https://www.google.com/s2/favicons?domain=l3harris.com&sz=128,Defense technology company founded in 2019 (merger) providing aerospace and defense systems,239,175,151,291,259,363
LH US Equity,LABCORP HOLDINGS INC,https://www.google.com/s2/favicons?domain=labcorp.com&sz=128,Clinical laboratory and drug development company founded in 1971,388,260,97,268,380,254
LRCX US Equity,LAM RESEARCH CORP,https://www.google.com/s2/favicons?domain=lamresearch.com&sz=128,Semiconductor equipment manufacturer founded in 1980,89,195,268,209,77,80
LW US Equity,LAMB WESTON HOLDINGS INC,https://www.google.com/s2/favicons?domain=lambweston.com&sz=128,Frozen potato products company founded in 2016 (spun off from ConAgra),499,377,371,234,449,479
LVS US Equity,LAS VEGAS SANDS CORP,https://www.google.com/s2/favicons?domain=sands.com&sz=128,Casino and resort company founded in 1988,255,259,167,137,241,127
LDOS US Equity,LEIDOS HOLDINGS INC,https://www.google.com/s2/favicons?domain=leidos.com&sz=128,Defense and technology services company founded in 2013 (spun off from SAIC),386,214,146,384,283,317
LEN US Equity,LENNAR CORP-A,https://www.google.com/s2/favicons?domain=lennar.com&sz=128,Homebuilding company founded in 1954,278,114,344,363,206,130
LII US Equity,LENNOX INTERNATIONAL INC,https://www.google.com/s2/favicons?domain=lennox.com&sz=128,Climate control products manufacturer founded in 1895,413,409,323,413,369,490
LIN US Equity,LINDE PLC,https://www.google.com/s2/favicons?domain=linde.com&sz=128,Industrial gases and engineering company founded in 2018 (merger) traced to 1879,48,119,107,52,61,102
LYV US Equity,LIVE NATION ENTERTAINMENT IN,https://www.google.com/s2/favicons?domain=livenationentertainment.com&sz=128,Events and entertainment company founded in 2010 (merger) operating venues and Ticketmaster,297,163,300,229,346,82
LMT US Equity,LOCKHEED MARTIN CORP,https://www.google.com/s2/favicons?domain=lockheedmartin.com&sz=128,Aerospace and defense company founded in 1995 (merger),96,55,50,132,78,178
L US Equity,LOEWS CORP,https://www.google.com/s2/favicons?domain=loews.com&sz=128,Diversified holding company founded in 1946,400,203,335,237,266,377
LOW US Equity,LOWE'S COS INC,https://www.google.com/s2/favicons?domain=lowes.com&sz=128,Home improvement retailer founded in 1946,72,50,18,120,56,227
LULU US Equity,LULULEMON ATHLETICA INC,https://www.google.com/s2/favicons?domain=lululemon.com&sz=128,Athletic apparel company founded in 1998,199,301,170,221,225,207
LYB US Equity,LYONDELLBASELL INDU-CL A,https://www.google.com/s2/favicons?domain=lyondellbasell.com&sz=128,Chemical and refining company founded in 2009 (merger),347,99,258,127,275,139
MTB US Equity,M & T BANK CORP,https://www.google.com/s2/favicons?domain=mtb.com&sz=128,Bank holding company founded in 1856,295,257,240,351,154,231
MPC US Equity,MARATHON PETROLEUM CORP,https://www.google.com/s2/favicons?domain=marathonpetroleum.com&sz=128,Oil refining and marketing company founded in 2011 (spun off from Marathon Oil),222,27,275,103,123,147
MAR US Equity,MARRIOTT INTERNATIONAL -CL A,https://www.google.com/s2/favicons?domain=marriott.com&sz=128,Hotel company founded in 1927 operating hospitality brands,140,147,36,214,185,399
MRSH US Equity,MARSH & MCLENNAN COS,https://www.google.com/s2/favicons?domain=mmc.com&sz=128,Professional services firm founded in 1905 providing insurance brokerage and consulting,102,152,71,322,108,185
MLM US Equity,MARTIN MARIETTA MATERIALS,https://www.google.com/s2/favicons?domain=martinmarietta.com&sz=128,Construction materials company founded in 1993 (current form) producing aggregates,283,376,380,197,212,356
MAS US Equity,MASCO CORP,https://www.google.com/s2/favicons?domain=masco.com&sz=128,Home improvement and building products manufacturer founded in 1929,432,345,281,375,364,359
MA US Equity,MASTERCARD INC - A,https://www.google.com/s2/favicons?domain=mastercard.com&sz=128,Payment processing company founded in 1966,15,130,182,270,26,64
MTCH US Equity,MATCH GROUP INC,https://www.google.com/s2/favicons?domain=mtch.com&sz=128,Online dating services company founded in 2009 (current form 2020 spin) operating Tinder and other apps,494,455,470,459,409,313
MKC US Equity,MCCORMICK & CO-NON VTG SHRS,https://www.google.com/s2/favicons?domain=mccormickcorporation.com&sz=128,Spices and seasonings company founded in 1889,403,372,326,344,371,474
MCD US Equity,MCDONALD'S CORP,https://www.google.com/s2/favicons?domain=mcdonalds.com&sz=128,Fast food restaurant chain founded in 1940 (franchising 1955),43,142,38,96,47,297
MCK US Equity,MCKESSON CORP,https://www.google.com/s2/favicons?domain=mckesson.com&sz=128,Healthcare distribution company founded in 1833,122,7,140,261,132,88
MDT US Equity,MEDTRONIC PLC,https://www.google.com/s2/favicons?domain=medtronic.com&sz=128,Medical device company founded in 1949 producing therapeutic devices,100,117,65,124,87,193
MRK US Equity,MERCK & CO. INC.,https://www.google.com/s2/favicons?domain=merck.com&sz=128,Pharmaceutical company founded in 1891 developing prescription medicines,35,62,86,76,20,37
META US Equity,META PLATFORMS INC-CLASS A,https://www.google.com/s2/favicons?domain=meta.com&sz=128,Social media and technology company founded in 2004 (as Facebook) operating Facebook Instagram and WhatsApp,7,16,80,2,6,11
MET US Equity,METLIFE INC,https://www.google.com/s2/favicons?domain=metlife.com&sz=128,Insurance company founded in 1868 providing life insurance and employee benefits,186,56,156,485,93,22
MTD US Equity,METTLER-TOLEDO INTERNATIONAL,https://www.google.com/s2/favicons?domain=mt.com&sz=128,Precision instrument manufacturer founded in 1945 (current form 1989 merger),329,448,302,425,355,488
MGM US Equity,MGM RESORTS INTERNATIONAL,https://www.google.com/s2/favicons?domain=mgmresorts.com&sz=128,Hospitality and entertainment company founded in 1986 (current form) operating casinos and resorts,480,207,110,169,379,181
MCHP US Equity,MICROCHIP TECHNOLOGY INC,https://www.google.com/s2/favicons?domain=microchip.com&sz=128,Semiconductor manufacturer founded in 1989 producing microcontrollers,323,428,266,403,477,335
MU US Equity,MICRON TECHNOLOGY INC,https://www.google.com/s2/favicons?domain=micron.com&sz=128,Semiconductor company founded in 1978 producing memory and storage solutions,79,106,132,13,46,50
MSFT US Equity,MICROSOFT CORP,https://www.google.com/s2/favicons?domain=microsoft.com&sz=128,Technology company founded in 1975 developing software cloud services and devices,2,11,21,3,2,12
MAA US Equity,MID-AMERICA APARTMENT COMM,https://www.google.com/s2/favicons?domain=maac.com&sz=128,Multifamily real estate investment trust founded in 1977,404,484,469,239,414,489
MRNA US Equity,MODERNA INC,https://www.google.com/s2/favicons?domain=modernatx.com&sz=128,Biotechnology company founded in 2010 developing mRNA therapeutics,424,459,429,177,495,214
MOH US Equity,MOLINA HEALTHCARE INC,https://www.google.com/s2/favicons?domain=molinahealthcare.com&sz=128,Managed care company founded in 1980 providing health insurance,421,97,281,427,297,106
TAP US Equity,MOLSON COORS BEVERAGE CO - B,https://www.google.com/s2/favicons?domain=molsoncoors.com&sz=128,Beverage company founded in 2005 (merger) brewing beer brands,469,281,292,226,306,311
MDLZ US Equity,MONDELEZ INTERNATIONAL INC-A,https://www.google.com/s2/favicons?domain=mondelezinternational.com&sz=128,Snack food company founded in 2012 (spun off from Kraft) producing confectionery and snacks,135,108,71,148,89,263
MPWR US Equity,MONOLITHIC POWER SYSTEMS INC,https://www.google.com/s2/favicons?domain=monolithicpower.com&sz=128,Semiconductor company founded in 1997 designing power management solutions,310,483,445,386,229,350
MNST US Equity,MONSTER BEVERAGE CORP,https://www.google.com/s2/favicons?domain=monsterenergy.com&sz=128,Beverage company founded in 1935 (current form 2002) producing energy drinks,196,352,432,331,257,251
MCO US Equity,MOODY'S CORP,https://www.google.com/s2/favicons?domain=moodys.com&sz=128,Credit rating and financial services company founded in 1909 (current form 2000),117,362,302,321,209,182
MS US Equity,MORGAN STANLEY,https://www.google.com/s2/favicons?domain=morganstanley.com&sz=128,Investment bank and financial services company founded in 1935,28,35,77,71,21,4
MOS US Equity,MOSAIC CO/THE,https://www.google.com/s2/favicons?domain=mosaicco.com&sz=128,Fertilizer producer founded in 2004 (merger) specializing in phosphate and potash,497,292,329,158,465,422
MSI US Equity,MOTOROLA SOLUTIONS INC,https://www.google.com/s2/favicons?domain=motorolasolutions.com&sz=128,Communications equipment company founded in 2011 (split from Motorola) providing public safety technology,139,297,251,333,244,200
MSCI US Equity,MSCI INC,https://www.google.com/s2/favicons?domain=msci.com&sz=128,Investment research and index provider founded in 1969 (current form 2007),228,460,422,399,288,382
NDAQ US Equity,NASDAQ INC,https://www.google.com/s2/favicons?domain=nasdaq.com&sz=128,Stock exchange operator founded in 1971 providing trading and market technology,218,424,382,354,309,366
NTAP US Equity,NETAPP INC,https://www.google.com/s2/favicons?domain=netapp.com&sz=128,Data storage and management company founded in 1992,407,373,350,375,292,168
NFLX US Equity,NETFLIX INC,https://www.google.com/s2/favicons?domain=netflix.com&sz=128,Streaming entertainment service founded in 1997,21,86,302,222,33,56
NEM US Equity,NEWMONT CORP,https://www.google.com/s2/favicons?domain=newmont.com&sz=128,Gold mining company founded in 1921,231,193,238,73,128,136
NWSA US Equity,NEWS CORP - CLASS A,https://www.google.com/s2/favicons?domain=newscorp.com&sz=128,Media and publishing company founded in 2013 (split from News Corp) operating newspapers and digital properties,414,337,236,292,295,183
NWS US Equity,NEWS CORP - CLASS B,https://www.google.com/s2/favicons?domain=newscorp.com&sz=128,Media and publishing company founded in 2013 (split from News Corp) operating newspapers and digital properties,414,337,236,292,295,183
NEE US Equity,NEXTERA ENERGY INC,https://www.google.com/s2/favicons?domain=nexteraenergy.com&sz=128,Electric utility company founded in 1925 (current form 2010) focused on renewable energy,61,135,292,9,58,164
NKE US Equity,NIKE INC -CL B,https://www.google.com/s2/favicons?domain=nike.com&sz=128,Athletic footwear and apparel company founded in 1964,111,83,81,282,135,70
NI US Equity,NISOURCE INC,https://www.google.com/s2/favicons?domain=nisource.com&sz=128,Utility holding company founded in 1987 (current form 2015) providing gas and electric services,411,403,398,83,376,451
NDSN US Equity,NORDSON CORP,https://www.google.com/s2/favicons?domain=nordson.com&sz=128,Industrial equipment manufacturer founded in 1954 producing precision dispensing systems,459,472,395,455,424,470
NSC US Equity,NORFOLK SOUTHERN CORP,https://www.google.com/s2/favicons?domain=nscorp.com&sz=128,Freight railroad company founded in 1883 (current form 1982),189,270,263,106,170,236
NTRS US Equity,NORTHERN TRUST CORP,https://www.google.com/s2/favicons?domain=northerntrust.com&sz=128,Financial services company founded in 1889 providing asset management and banking,332,246,228,215,235,289
NOC US Equity,NORTHROP GRUMMAN CORP,https://www.google.com/s2/favicons?domain=northropgrumman.com&sz=128,Aerospace and defense company founded in 1994 (merger) traced to 1939,132,94,65,144,100,111
NCLH US Equity,NORWEGIAN CRUISE LINE HOLDIN,https://www.google.com/s2/favicons?domain=ncl.com&sz=128,Cruise line operator founded in 1966 (current holding company 2011),474,321,177,162,341,437
NRG US Equity,NRG ENERGY INC,https://www.google.com/s2/favicons?domain=nrg.com&sz=128,Energy company founded in 1989 providing electricity generation and retail,406,131,387,271,305,312
NUE US Equity,NUCOR CORP,https://www.google.com/s2/favicons?domain=nucor.com&sz=128,Steel production company founded in 1940 (current form 1972),254,120,195,72,234,190
NVDA US Equity,NVIDIA CORP,https://www.google.com/s2/favicons?domain=nvidia.com&sz=128,Graphics processing and AI chip company founded in 1993,3,29,179,79,5,59
NVR US Equity,NVR INC,https://www.google.com/s2/favicons?domain=nvrinc.com&sz=128,Homebuilding company founded in 1980 operating Ryan Homes and other brands,380,306,411,472,276,216
NXPI US Equity,NXP SEMICONDUCTORS NV,https://www.google.com/s2/favicons?domain=nxp.com&sz=128,Semiconductor manufacturer founded in 2006 (spun off from Philips) producing automotive and IoT chips,190,264,192,216,177,142
ORLY US Equity,O'REILLY AUTOMOTIVE INC,https://www.google.com/s2/favicons?domain=oreillyauto.com&sz=128,Automotive parts retailer founded in 1957,158,213,69,180,183,458
OXY US Equity,OCCIDENTAL PETROLEUM CORP,https://www.google.com/s2/favicons?domain=oxy.com&sz=128,Oil and gas exploration company founded in 1920,212,137,333,36,140,198
ODFL US Equity,OLD DOMINION FREIGHT LINE,https://www.google.com/s2/favicons?domain=odfl.com&sz=128,Less-than-truckload shipping company founded in 1934,251,393,244,207,291,468
OMC US Equity,OMNICOM GROUP,https://www.google.com/s2/favicons?domain=omnicomgroup.com&sz=128,Advertising and marketing services company founded in 1986 (merger),412,231,90,394,261,113
ON US Equity,ON SEMICONDUCTOR,https://www.google.com/s2/favicons?domain=onsemi.com&sz=128,Semiconductor manufacturer founded in 1999 (spun off from Motorola) producing power and sensing solutions,321,363,217,220,246,170
OKE US Equity,ONEOK INC,https://www.google.com/s2/favicons?domain=oneok.com&sz=128,Energy company founded in 1906 operating natural gas pipelines and processing,178,174,436,119,142,344
ORCL US Equity,ORACLE CORP,https://www.google.com/s2/favicons?domain=oracle.com&sz=128,Database software and cloud computing company founded in 1977,17,68,35,7,27,46
OTIS US Equity,OTIS WORLDWIDE CORP,https://www.google.com/s2/favicons?domain=otis.com&sz=128,Elevator and escalator manufacturer founded in 1853 (current form 2020 spin from UTC),270,244,94,382,271,294
PCG US Equity,P G & E CORP,https://www.google.com/s2/favicons?domain=pge.com&sz=128,Electric utility company founded in 1905 (current form 1997) serving Northern California,220,153,210,22,176,318
PCAR US Equity,PACCAR INC,https://www.google.com/s2/favicons?domain=paccar.com&sz=128,Commercial vehicle manufacturer founded in 1905 producing Kenworth and Peterbilt trucks,180,128,201,149,184,53
PKG US Equity,PACKAGING CORP OF AMERICA,https://www.google.com/s2/favicons?domain=packagingcorp.com&sz=128,Containerboard and packaging products manufacturer founded in 1959,396,326,308,200,374,353
PLTR US Equity,PALANTIR TECHNOLOGIES INC-A,https://www.google.com/s2/favicons?domain=palantir.com&sz=128,Software company founded in 2003 specializing in big data analytics,55,469,446,480,432,201
PANW US Equity,PALO ALTO NETWORKS INC,https://www.google.com/s2/favicons?domain=paloaltonetworks.com&sz=128,Cybersecurity company founded in 2005,92,324,301,337,302,189
PSKY US Equity,PARAMOUNT SKYDANCE CL B,https://www.google.com/s2/favicons?domain=paramount.com&sz=128,Media and entertainment company founded in 1912 (current form 2019) producing film and television content,440,126,272,332,498,171
PH US Equity,PARKER HANNIFIN CORP,https://www.google.com/s2/favicons?domain=parker.com&sz=128,Motion and control technologies manufacturer founded in 1917,112,183,122,279,119,390
PAYX US Equity,PAYCHEX INC,https://www.google.com/s2/favicons?domain=paychex.com&sz=128,Payroll and human resources services company founded in 1971,183,399,268,362,238,237
PAYC US Equity,PAYCOM SOFTWARE INC,https://www.google.com/s2/favicons?domain=paycom.com&sz=128,Human capital management software company founded in 1998,472,491,405,361,421,398
PYPL US Equity,PAYPAL HOLDINGS INC,https://www.google.com/s2/favicons?domain=paypal.com&sz=128,Online payments company founded in 1998,119,121,223,224,102,79
PNR US Equity,PENTAIR PLC,https://www.google.com/s2/favicons?domain=pentair.com&sz=128,Water treatment and equipment company founded in 1966,418,437,376,444,393,465
PEP US Equity,PEPSICO INC,https://www.google.com/s2/favicons?domain=pepsico.com&sz=128,Food and beverage company founded in 1965 (merger) producing snacks and soft drinks,41,42,13,42,41,63
PFE US Equity,PFIZER INC,https://www.google.com/s2/favicons?domain=pfizer.com&sz=128,Pharmaceutical company founded in 1849,70,65,78,90,49,304
PM US Equity,PHILIP MORRIS INTERNATIONAL,https://www.google.com/s2/favicons?domain=pmi.com&sz=128,Tobacco company founded in 2008 (spun off from Altria) operating internationally,50,105,76,145,54,117
PSX US Equity,PHILLIPS 66,https://www.google.com/s2/favicons?domain=phillips66.com&sz=128,Energy company founded in 2012 (spun off from ConocoPhillips) focused on refining and marketing,211,26,334,124,202,228
PNW US Equity,PINNACLE WEST CAPITAL,https://www.google.com/s2/favicons?domain=pinnaclewest.com&sz=128,Electric utility holding company founded in 1985 serving Arizona,482,412,421,110,395,499
PNC US Equity,PNC FINANCIAL SERVICES GROUP,https://www.google.com/s2/favicons?domain=pnc.com&sz=128,Bank holding company founded in 1845 (current form 1983),130,116,131,485,57,78
POOL US Equity,POOL CORP,https://www.google.com/s2/favicons?domain=poolcorp.com&sz=128,Swimming pool supplies distributor founded in 1993,460,407,426,453,438,477
PPG US Equity,PPG INDUSTRIES INC,https://www.google.com/s2/favicons?domain=ppg.com&sz=128,Paints and coatings manufacturer founded in 1883,357,227,154,205,245,196
PPL US Equity,PPL CORP,https://www.google.com/s2/favicons?domain=pplweb.com&sz=128,Electric utility company founded in 1920,349,336,416,94,349,414
PFG US Equity,PRINCIPAL FINANCIAL GROUP,https://www.google.com/s2/favicons?domain=principal.com&sz=128,Financial investment management company founded in 1879,409,221,261,447,247,118
PG US Equity,PROCTER & GAMBLE CO/THE,https://www.google.com/s2/favicons?domain=pg.com&sz=128,Consumer goods company founded in 1837 producing household and personal care products,22,49,56,65,23,51
PGR US Equity,PROGRESSIVE CORP,https://www.google.com/s2/favicons?domain=progressive.com&sz=128,Insurance company founded in 1937 specializing in auto insurance,80,47,104,328,31,454
PLD US Equity,PROLOGIS INC,https://www.google.com/s2/favicons?domain=prologis.com&sz=128,Logistics real estate investment trust founded in 1983 (current form 2011 merger),91,328,467,59,130,288
PRU US Equity,PRUDENTIAL FINANCIAL INC,https://www.google.com/s2/favicons?domain=prudential.com&sz=128,Insurance and financial services company founded in 1875,230,57,171,485,160,23
PTC US Equity,PTC INC,https://www.google.com/s2/favicons?domain=ptc.com&sz=128,Software company founded in 1985 providing product development and IoT solutions,343,474,399,481,383,440
PEG US Equity,PUBLIC SERVICE ENTERPRISE GP,https://www.google.com/s2/favicons?domain=pseg.com&sz=128,Energy company founded in 1903 (current form 1985) providing electric and gas services in New Jersey,229,307,400,75,231,460
PSA US Equity,PUBLIC STORAGE,https://www.google.com/s2/favicons?domain=publicstorage.com&sz=128,Self-storage real estate investment trust founded in 1972,192,422,427,181,208,394
PHM US Equity,PULTEGROUP INC,https://www.google.com/s2/favicons?domain=pultegroup.com&sz=128,Homebuilding company founded in 1950,365,199,413,414,138,240
QCOM US Equity,QUALCOMM INC,https://www.google.com/s2/favicons?domain=qualcomm.com&sz=128,Semiconductor and wireless technology company founded in 1985,52,89,139,165,75,91
PWR US Equity,QUANTA SERVICES INC,https://www.google.com/s2/favicons?domain=quantaservices.com&sz=128,Infrastructure services company founded in 1997 providing electric power and pipeline contracting,210,159,120,243,343,340
DGX US Equity,QUEST DIAGNOSTICS INC,https://www.google.com/s2/favicons?domain=questdiagnostics.com&sz=128,Clinical laboratory testing company founded in 1967,417,316,126,285,352,376
RL US Equity,RALPH LAUREN CORP,https://www.google.com/s2/favicons?domain=ralphlauren.com&sz=128,Fashion and apparel company founded in 1967,456,364,313,350,381,215
RJF US Equity,RAYMOND JAMES FINANCIAL INC,https://www.google.com/s2/favicons?domain=raymondjames.com&sz=128,Financial services company founded in 1962,269,225,265,364,200,42
O US Equity,REALTY INCOME CORP,https://www.google.com/s2/favicons?domain=realtyincome.com&sz=128,Real estate investment trust founded in 1969 focused on retail and commercial properties,207,408,495,74,356,395
REG US Equity,REGENCY CENTERS CORP,https://www.google.com/s2/favicons?domain=regencycenters.com&sz=128,Retail-focused real estate investment trust founded in 1963,453,497,493,312,442,486
REGN US Equity,REGENERON PHARMACEUTICALS,https://www.google.com/s2/favicons?domain=regeneron.com&sz=128,Biotechnology company founded in 1988 developing medicines for serious diseases,136,248,310,206,94,177
RF US Equity,REGIONS FINANCIAL CORP,https://www.google.com/s2/favicons?domain=regions.com&sz=128,Bank holding company founded in 1971 (current form 2002),354,319,262,371,199,149
RSG US Equity,REPUBLIC SERVICES INC,https://www.google.com/s2/favicons?domain=republicservices.com&sz=128,Waste management and recycling company founded in 1996,168,223,164,126,210,478
RMD US Equity,RESMED INC,https://www.google.com/s2/favicons?domain=resmed.com&sz=128,Medical equipment company founded in 1989 specializing in sleep apnea and respiratory devices,250,411,365,435,270,281
RVTY US Equity,REVVITY INC,https://www.google.com/s2/favicons?domain=revvity.com&sz=128,Healthcare and diagnostics technology company founded in 2023 (renamed from PerkinElmer traced to 1937),452,473,357,436,456,285
HOOD US Equity,ROBINHOOD MARKETS INC - A,https://www.google.com/s2/favicons?domain=robinhood.com&sz=128,Financial services company founded in 2013 providing commission-free stock trading,275,465,473,479,268,114
ROK US Equity,ROCKWELL AUTOMATION INC,https://www.google.com/s2/favicons?domain=rockwellautomation.com&sz=128,Industrial automation company founded in 1903,241,340,219,365,353,389
ROL US Equity,ROLLINS INC,https://www.google.com/s2/favicons?domain=rollins.com&sz=128,Pest control services company founded in 1948 operating Orkin and other brands,362,456,256,474,430,475
ROP US Equity,ROPER TECHNOLOGIES INC,https://www.google.com/s2/favicons?domain=ropertech.com&sz=128,Diversified technology company founded in 1981 providing software and engineered products,208,344,278,424,253,416
ROST US Equity,ROSS STORES INC,https://www.google.com/s2/favicons?domain=rossstores.com&sz=128,Discount retail chain founded in 1950 (current form 1982),201,176,59,217,205,104
RCL US Equity,ROYAL CARIBBEAN CRUISES LTD,https://www.google.com/s2/favicons?domain=royalcaribbean.com&sz=128,Cruise line operator founded in 1968,171,215,361,78,150,400
RTX US Equity,RTX CORP,https://www.google.com/s2/favicons?domain=rtx.com&sz=128,Aerospace and defense company founded in 2020 (merger of Raytheon and UTC) traced to 1922,36,45,31,99,60,71
SPGI US Equity,S&P GLOBAL INC,https://www.google.com/s2/favicons?domain=spglobal.com&sz=128,Financial information and analytics company founded in 1888 (current form 2016),68,247,163,406,112,234
CRM US Equity,SALESFORCE INC,https://www.google.com/s2/favicons?domain=salesforce.com&sz=128,Cloud-based software company founded in 1999 providing customer relationship management,23,104,83,230,66,57
SNDK US Equity,SANDISK CORP,https://www.google.com/s2/favicons?domain=westerndigital.com&sz=128,Flash memory products company founded in 1988 (acquired by Western Digital 2016),500,356,357,356,493,255
SBAC US Equity,SBA COMMUNICATIONS CORP,https://www.google.com/s2/favicons?domain=sbasite.com&sz=128,Wireless infrastructure company founded in 1989 owning and operating cell towers,369,478,478,341,378,438
SCHW US Equity,SCHWAB (CHARLES) CORP,https://www.google.com/s2/favicons?domain=schwab.com&sz=128,Financial services company founded in 1971 providing brokerage and banking,51,134,196,241,44,7
STX US Equity,SEAGATE TECHNOLOGY HOLDINGS,https://www.google.com/s2/favicons?domain=seagate.com&sz=128,Data storage company founded in 1979 manufacturing hard disk drives,298,325,202,330,262,323
SRE US Equity,SEMPRA,https://www.google.com/s2/favicons?domain=sempra.com&sz=128,Energy infrastructure company founded in 1998 providing utilities and energy services,182,258,295,28,151,245
NOW US Equity,SERVICENOW INC,https://www.google.com/s2/favicons?domain=servicenow.com&sz=128,Cloud computing company founded in 2004 providing digital workflow automation,38,255,218,198,232,188
SHW US Equity,SHERWIN-WILLIAMS CO/THE,https://www.google.com/s2/favicons?domain=sherwin-williams.com&sz=128,Paint and coatings manufacturer founded in 1866,116,165,109,176,164,430
SPG US Equity,SIMON PROPERTY GROUP INC,https://www.google.com/s2/favicons?domain=simon.com&sz=128,Shopping mall real estate investment trust founded in 1960,187,388,462,211,186,259
SWKS US Equity,SKYWORKS SOLUTIONS INC,https://www.google.com/s2/favicons?domain=skyworksinc.com&sz=128,Semiconductor company founded in 2002 (merger) producing wireless communication chips,471,436,372,359,428,286
SLB US Equity,SLB LTD,https://www.google.com/s2/favicons?domain=slb.com&sz=128,Oilfield services company founded in 1926 (formerly Schlumberger) providing technology for energy industry,181,110,56,130,126,154
AOS US Equity,SMITH (A.O.) CORP,https://www.google.com/s2/favicons?domain=aosmith.com&sz=128,Water heating and treatment equipment manufacturer founded in 1874,483,450,341,421,412,428
SW US Equity,SMURFIT WESTROCK PLC,https://www.google.com/s2/favicons?domain=smurfitkappa.com&sz=128,Packaging company founded in 2024 (merger of Smurfit Kappa and WestRock),313,177,63,143,450,326
SNA US Equity,SNAP-ON INC,https://www.google.com/s2/favicons?domain=snapon.com&sz=128,Tool manufacturer founded in 1920,405,413,335,439,324,262
SOLV US Equity,SOLVENTUM CORP,https://www.google.com/s2/favicons?domain=solventum.com&sz=128,Healthcare company founded in 2024 (spun off from 3M) specializing in medical solutions,473,341,241,301,426,337
SO US Equity,SOUTHERN CO/THE,https://www.google.com/s2/favicons?domain=southerncompany.com&sz=128,Electric utility holding company founded in 1945,110,138,207,23,95,301
LUV US Equity,SOUTHWEST AIRLINES CO,https://www.google.com/s2/favicons?domain=southwest.com&sz=128,Low-cost airline founded in 1967,372,132,93,97,437,144
SWK US Equity,STANLEY BLACK & DECKER INC,https://www.google.com/s2/favicons?domain=stanleyblackanddecker.com&sz=128,Tool and hardware manufacturer founded in 1843 (current form 2010 merger),462,235,143,311,453,418
SBUX US Equity,STARBUCKS CORP,https://www.google.com/s2/favicons?domain=starbucks.com&sz=128,Coffee company founded in 1971 operating coffeehouses worldwide,105,107,9,108,218,146
STT US Equity,STATE STREET CORP,https://www.google.com/s2/favicons?domain=statestreet.com&sz=128,Financial services company founded in 1792 providing investment management and services,261,168,137,191,145,110
STLD US Equity,STEEL DYNAMICS INC,https://www.google.com/s2/favicons?domain=steeldynamics.com&sz=128,Steel production company founded in 1993,340,196,335,187,293,336
STE US Equity,STERIS PLC,https://www.google.com/s2/favicons?domain=steris.com&sz=128,Healthcare and life sciences services company founded in 1985,364,401,281,306,394,443
SYK US Equity,STRYKER CORP,https://www.google.com/s2/favicons?domain=stryker.com&sz=128,Medical technology company founded in 1941 producing medical devices and equipment,77,169,132,212,143,134
SMCI US Equity,SUPER MICRO COMPUTER INC,https://www.google.com/s2/favicons?domain=supermicro.com&sz=128,Computer server and storage technology company founded in 1993,303,172,423,401,323,99
SYF US Equity,SYNCHRONY FINANCIAL,https://www.google.com/s2/favicons?domain=synchrony.com&sz=128,Consumer financial services company founded in 2003 (current form 2014 spin from GE),306,164,258,485,118,31
SNPS US Equity,SYNOPSYS INC,https://www.google.com/s2/favicons?domain=synopsys.com&sz=128,Electronic design automation software company founded in 1986,120,365,211,372,277,161
SYY US Equity,SYSCO CORP,https://www.google.com/s2/favicons?domain=sysco.com&sz=128,Foodservice distribution company founded in 1969,262,52,86,194,223,300
TROW US Equity,T ROWE PRICE GROUP INC,https://www.google.com/s2/favicons?domain=troweprice.com&sz=128,Investment management firm founded in 1937,334,361,392,286,204,172
TMUS US Equity,T-MOBILE US INC,https://www.google.com/s2/favicons?domain=t-mobile.com&sz=128,Wireless network operator founded in 1994 (current form 2013 merger with MetroPCS),34,51,97,25,30,94
TTWO US Equity,TAKE-TWO INTERACTIVE SOFTWRE,https://www.google.com/s2/favicons?domain=take2games.com&sz=128,Video game company founded in 1993 known for Grand Theft Auto and NBA 2K,256,397,338,373,497,258
TPR US Equity,TAPESTRY INC,https://www.google.com/s2/favicons?domain=tapestry.com&sz=128,Fashion company founded in 1941 (as Coach current form 2017) operating Coach Kate Spade and Stuart Weitzman,402,367,268,408,463,293
TRGP US Equity,TARGA RESOURCES CORP,https://www.google.com/s2/favicons?domain=targaresources.com&sz=128,Midstream energy company founded in 2006 providing natural gas gathering and processing,244,218,456,88,278,450
TGT US Equity,TARGET CORP,https://www.google.com/s2/favicons?domain=target.com&sz=128,Retail corporation founded in 1902 operating discount stores,167,37,5,92,104,103
TEL US Equity,TE CONNECTIVITY PLC,https://www.google.com/s2/favicons?domain=te.com&sz=128,Electronic components manufacturer founded in 2007 (spun off from Tyco) producing connectors and sensors,164,206,70,190,220,275
TDY US Equity,TELEDYNE TECHNOLOGIES INC,https://www.google.com/s2/favicons?domain=teledyne.com&sz=128,Industrial technology company founded in 1960 providing imaging and instrumentation,341,386,317,415,347,406
TER US Equity,TERADYNE INC,https://www.google.com/s2/favicons?domain=teradyne.com&sz=128,Automatic test equipment manufacturer founded in 1960 for semiconductor testing,381,470,419,357,411,373
TSLA US Equity,TESLA INC,https://www.google.com/s2/favicons?domain=tesla.com&sz=128,Electric vehicle and clean energy company founded in 2003,8,39,47,27,113,29
TXN US Equity,TEXAS INSTRUMENTS INC,https://www.google.com/s2/favicons?domain=ti.com&sz=128,Semiconductor design and manufacturing company founded in 1930,67,200,187,48,83,145
TPL US Equity,TEXAS PACIFIC LAND CORP,https://www.google.com/s2/favicons?domain=tpland.com&sz=128,Land and resource management company founded in 1888 owning mineral rights in Texas,333,500,499,470,435,403
TXT US Equity,TEXTRON INC,https://www.google.com/s2/favicons?domain=textron.com&sz=128,Industrial conglomerate founded in 1923 producing aircraft and defense systems,449,250,187,308,363,260
CPB US Equity,THE CAMPBELL'S COMPANY,https://www.google.com/s2/favicons?domain=campbells.com&sz=128,Food products company founded in 1869 producing soups and packaged foods,484,309,330,284,398,457
CI US Equity,THE CIGNA GROUP,https://www.google.com/s2/favicons?domain=cigna.com&sz=128,Health services company founded in 1982 (current form) providing health insurance and services,141,14,91,146,124,69
TMO US Equity,THERMO FISHER SCIENTIFIC INC,https://www.google.com/s2/favicons?domain=thermofisher.com&sz=128,Scientific instrumentation company founded in 2006 (merger) providing laboratory equipment and services,49,92,48,147,64,122
TJX US Equity,TJX COMPANIES INC,https://www.google.com/s2/favicons?domain=tjx.com&sz=128,Off-price retail company founded in 1956 operating TJ Maxx Marshalls and HomeGoods,75,70,10,121,85,96
TKO US Equity,TKO GROUP HOLDINGS INC,https://www.google.com/s2/favicons?domain=tkogrp.com&sz=128,Sports and entertainment company founded in 2023 (merger of UFC and WWE),342,471,486,443,476,378
TSCO US Equity,TRACTOR SUPPLY COMPANY,https://www.google.com/s2/favicons?domain=tractorsupply.com&sz=128,Retail chain founded in 1938 serving rural lifestyle needs,305,239,219,204,312,425
TTD US Equity,TRADE DESK INC/THE -CLASS A,https://www.google.com/s2/favicons?domain=thetradedesk.com&sz=128,Advertising technology company founded in 2009 providing programmatic marketing platform,179,480,454,422,444,261
TT US Equity,TRANE TECHNOLOGIES PLC,https://www.google.com/s2/favicons?domain=tranetechnologies.com&sz=128,Climate control company founded in 1913 (current form 2020 renamed from Ingersoll Rand),126,184,156,305,173,242
TDG US Equity,TRANSDIGM GROUP INC,https://www.google.com/s2/favicons?domain=transdigm.com&sz=128,Aerospace components manufacturer founded in 1993,143,327,296,343,207,165
TRV US Equity,TRAVELERS COS INC/THE,https://www.google.com/s2/favicons?domain=travelers.com&sz=128,Insurance company founded in 1853 providing property casualty insurance,165,80,187,485,65,329
TRMB US Equity,TRIMBLE INC,https://www.google.com/s2/favicons?domain=trimble.com&sz=128,Technology company founded in 1978 providing positioning and geospatial solutions,410,453,346,467,258,342
TFC US Equity,TRUIST FINANCIAL CORP,https://www.google.com/s2/favicons?domain=truist.com&sz=128,Bank holding company founded in 2019 (merger of BB&T and SunTrust),170,122,172,485,79,100
TYL US Equity,TYLER TECHNOLOGIES INC,https://www.google.com/s2/favicons?domain=tylertech.com&sz=128,Software company founded in 1966 providing solutions for the public sector,339,485,404,460,457,339
TSN US Equity,TYSON FOODS INC-CL A,https://www.google.com/s2/favicons?domain=tysonfoods.com&sz=128,Food processing company founded in 1935 producing meat products,387,76,45,185,429,279
UBER US Equity,UBER TECHNOLOGIES INC,https://www.google.com/s2/favicons?domain=uber.com&sz=128,Ride-hailing and delivery platform founded in 2009,87,90,199,339,40,84
UDR US Equity,UDR INC,https://www.google.com/s2/favicons?domain=udr.com&sz=128,Multifamily real estate investment trust founded in 1972,444,494,485,313,469,500
ULTA US Equity,ULTA BEAUTY INC,https://www.google.com/s2/favicons?domain=ulta.com&sz=128,Beauty retailer founded in 1990,391,288,121,304,289,348
UNP US Equity,UNION PACIFIC CORP,https://www.google.com/s2/favicons?domain=up.com&sz=128,Freight railroad company founded in 1862,78,151,200,63,52,272
UAL US Equity,UNITED AIRLINES HOLDINGS INC,https://www.google.com/s2/favicons?domain=united.com&sz=128,Airline founded in 1926 (current holding company 2010) providing passenger and cargo air transportation,258,67,54,39,127,83
UPS US Equity,UNITED PARCEL SERVICE-CL B,https://www.google.com/s2/favicons?domain=ups.com&sz=128,Package delivery and supply chain management company founded in 1907,121,44,16,66,72,85
URI US Equity,UNITED RENTALS INC,https://www.google.com/s2/favicons?domain=unitedrentals.com&sz=128,Equipment rental company founded in 1997,193,222,208,49,179,391
UNH US Equity,UNITEDHEALTH GROUP INC,https://www.google.com/s2/favicons?domain=unitedhealthgroup.com&sz=128,Healthcare and insurance company founded in 1977,26,3,7,67,29,14
UHS US Equity,UNIVERSAL HEALTH SERVICES-B,https://www.google.com/s2/favicons?domain=uhsinc.com&sz=128,Hospital management company founded in 1978 operating healthcare facilities,468,228,110,189,300,459
USB US Equity,US BANCORP,https://www.google.com/s2/favicons?domain=usbank.com&sz=128,Bank holding company founded in 1863 (current form 1997),125,93,97,485,51,6
VLO US Equity,VALERO ENERGY CORP,https://www.google.com/s2/favicons?domain=valero.com&sz=128,Oil refining and marketing company founded in 1980,247,30,373,117,156,107
VTR US Equity,VENTAS INC,https://www.google.com/s2/favicons?domain=ventasreit.com&sz=128,Healthcare real estate investment trust founded in 1983,328,416,494,104,470,322
VLTO US Equity,VERALTO CORP,https://www.google.com/s2/favicons?domain=veralto.com&sz=128,Water and product quality technology company founded in 2023 (spun off from Danaher),335,410,296,456,361,292
VRSN US Equity,VERISIGN INC,https://www.google.com/s2/favicons?domain=verisign.com&sz=128,Domain name registry and internet infrastructure company founded in 1995,384,495,487,473,372,431
VRSK US Equity,VERISK ANALYTICS INC,https://www.google.com/s2/favicons?domain=verisk.com&sz=128,Data analytics and risk assessment company founded in 1971,246,468,397,342,335,417
VZ US Equity,VERIZON COMMUNICATIONS INC,https://www.google.com/s2/favicons?domain=verizon.com&sz=128,Telecommunications company founded in 2000 (merger) providing wireless and broadband services,60,28,64,11,18,119
VRTX US Equity,VERTEX PHARMACEUTICALS INC,https://www.google.com/s2/favicons?domain=vrtx.com&sz=128,Biotechnology company founded in 1989 developing treatments for serious diseases,103,294,425,326,484,109
VTRS US Equity,VIATRIS INC,https://www.google.com/s2/favicons?domain=viatris.com&sz=128,Pharmaceutical company founded in 2020 (merger of Mylan and Upjohn) producing generic drugs,439,240,197,318,485,343
VICI US Equity,VICI PROPERTIES INC,https://www.google.com/s2/favicons?domain=viciproperties.com&sz=128,Gaming hospitality and entertainment real estate investment trust founded in 2017 (spun off from Caesars),292,449,500,483,165,380
V US Equity,VISA INC-CLASS A SHARES,https://www.google.com/s2/favicons?domain=visa.com&sz=128,Payment technology company founded in 1958 processing electronic payments,13,100,185,141,15,25
VST US Equity,VISTRA CORP,https://www.google.com/s2/favicons?domain=vistracorp.com&sz=128,Energy company founded in 2016 (restructured from Energy Future Holdings) providing electricity generation,209,208,412,115,167,283
VMC US Equity,VULCAN MATERIALS CO,https://www.google.com/s2/favicons?domain=vulcanmaterials.com&sz=128,Construction materials company founded in 1909 producing aggregates and asphalt,271,355,353,244,340,370
WAB US Equity,WABTEC CORP,https://www.google.com/s2/favicons?domain=wabteccorp.com&sz=128,Rail equipment manufacturer founded in 1869 (current form 2019 merger with GE Transportation),277,304,203,354,318,346
WMT US Equity,WALMART INC,https://www.google.com/s2/favicons?domain=walmart.com&sz=128,Retail corporation founded in 1962 operating discount stores and supercenters,11,1,1,6,16,54
DIS US Equity,WALT DISNEY CO/THE,https://www.google.com/s2/favicons?domain=thewaltdisneycompany.com&sz=128,Entertainment conglomerate founded in 1923 producing media and operating theme parks,44,40,20,29,28,87
WBD US Equity,WARNER BROS DISCOVERY INC,https://www.google.com/s2/favicons?domain=wbd.com&sz=128,Media and entertainment company founded in 2022 (merger of WarnerMedia and Discovery),325,101,183,188,500,97
WM US Equity,WASTE MANAGEMENT INC,https://www.google.com/s2/favicons?domain=wm.com&sz=128,Waste management and environmental services company founded in 1968,131,146,114,80,161,434
WAT US Equity,WATERS CORP,https://www.google.com/s2/favicons?domain=waters.com&sz=128,Analytical instruments manufacturer founded in 1958 specializing in chromatography and mass spectrometry,366,464,402,390,392,410
WEC US Equity,WEC ENERGY GROUP INC,https://www.google.com/s2/favicons?domain=wecenergygroup.com&sz=128,Utility holding company founded in 1896 (current form 2015) providing electric and gas services,300,334,410,64,256,497
WFC US Equity,WELLS FARGO & CO,https://www.google.com/s2/favicons?domain=wellsfargo.com&sz=128,Financial services company founded in 1852 providing banking and investment services,27,34,25,485,14,9
WELL US Equity,WELLTOWER INC,https://www.google.com/s2/favicons?domain=welltower.com&sz=128,Healthcare real estate investment trust founded in 1970,133,343,491,45,336,137
WST US Equity,WEST PHARMACEUTICAL SERVICES,https://www.google.com/s2/favicons?domain=westpharma.com&sz=128,Pharmaceutical packaging and delivery systems manufacturer founded in 1923,353,467,365,303,423,386
WDC US Equity,WESTERN DIGITAL CORP,https://www.google.com/s2/favicons?domain=westerndigital.com&sz=128,Data storage company founded in 1970 producing hard drives and flash storage,368,320,168,289,217,199
WY US Equity,WEYERHAEUSER CO,https://www.google.com/s2/favicons?domain=weyerhaeuser.com&sz=128,Timberland and forest products company founded in 1900,379,359,379,228,443,354
WMB US Equity,WILLIAMS COS INC,https://www.google.com/s2/favicons?domain=williams.com&sz=128,Energy infrastructure company founded in 1908 operating natural gas pipelines,163,302,428,101,195,487
WSM US Equity,WILLIAMS-SONOMA INC,https://www.google.com/s2/favicons?domain=williams-sonoma.com&sz=128,Home furnishings retailer founded in 1956 operating Williams Sonoma Pottery Barn and West Elm,324,347,263,345,304,280
WTW US Equity,WILLIS TOWERS WATSON PLC,https://www.google.com/s2/favicons?domain=wtwco.com&sz=128,Risk management and consulting company founded in 2016 (merger),288,315,142,398,480,217
WDAY US Equity,WORKDAY INC-CLASS A,https://www.google.com/s2/favicons?domain=workday.com&sz=128,Enterprise cloud applications company founded in 2005 providing HR and financial management software,156,339,255,329,415,249
WRB US Equity,WR BERKLEY CORP,https://www.google.com/s2/favicons?domain=berkley.com&sz=128,Insurance holding company founded in 1967,322,241,388,423,230,208
GWW US Equity,WW GRAINGER INC,https://www.google.com/s2/favicons?domain=grainger.com&sz=128,Industrial supply company founded in 1927 distributing maintenance and operating products,198,209,230,260,216,307
WYNN US Equity,WYNN RESORTS LTD,https://www.google.com/s2/favicons?domain=wynnresorts.com&sz=128,Casino and resort company founded in 2002,488,358,212,287,422,180
XEL US Equity,XCEL ENERGY INC,https://www.google.com/s2/favicons?domain=xcelenergy.com&sz=128,Utility holding company founded in 2000 (merger) providing electric and natural gas services,245,254,354,32,215,441
XYL US Equity,XYLEM INC,https://www.google.com/s2/favicons?domain=xylem.com&sz=128,Water technology company founded in 2011 (spun off from ITT) providing water solutions,312,335,231,319,348,290
YUM US Equity,YUM! BRANDS INC,https://www.google.com/s2/favicons?domain=yum.com&sz=128,Fast food company founded in 1997 (spun off from PepsiCo) operating KFC Pizza Hut and Taco Bell,253,350,168,333,260,362
ZBRA US Equity,ZEBRA TECHNOLOGIES CORP-CL A,https://www.google.com/s2/favicons?domain=zebra.com&sz=128,Data capture and automation company founded in 1969 producing barcode scanners and RFID solutions,383,415,374,454,413,321
ZBH US Equity,ZIMMER BIOMET HOLDINGS INC,https://www.google.com/s2/favicons?domain=zimmerbiomet.com&sz=128,Medical device company founded in 2015 (merger) manufacturing orthopedic products,375,348,291,276,345,379
ZTS US Equity,ZOETIS INC,https://www.google.com/s2/favicons?domain=zoetis.com&sz=128,Animal health company founded in 2013 (spun off from Pfizer) developing veterinary medicines,147,323,326,231,180,206
